Artist,LeadArtistId
Matthew West,1930
Five Finger Death Punch,2935
Justin Bieber,3479
Sam Hunt,4954
"Max Styler, Laura White, KC Lights",5611
Cienfue,49918
"Amtrac, Totally Enormous Extinct Dinosaurs",207172
"Yung Pinch, blackbear",215374
Todd Terry,239009
Carly Pearce,299279
"Faruk Orakci, Ceren Toksöz",420423
Clara Mae,431406
Devon Gilfillian,466187
"Moneybagg Yo, Lil Baby",601328
"Jua, Shimon Hoshino",772316
"Quando Rondo, 2 Chainz, A Boogie Wit da Hoodie",874393
Elle Limebear,1020210
The Church Will Sing,1336952
"Zedd, Kehlani, Osrin",3777
COUNTERFEIT.,490419
Mandisa,3177
"24kGoldn, Lil Tjay",1005525
Maxx Owa,1729462
"Kresnt, audiodrugz",901203
Jayden Premo,1090209
"Curtis Williams, Cam Sheely, JID",79873
Elang Defrianto,1351912
"Andreas Moss, Sinclair",215316
Luis Rodriguez,657962
Rachel Zello,1747238
Set It Off,5040
"Dylan Matthew, SLANDER, Synymata",467916
Annaca,458023
Abdullah Al Mukhles,1480651
Moses Sumney,210053
Pixel Terror,572986
Blue Hawaii,308252
Joywave,3839
Caroline Rose,12435
"Jay Menez, Rauw Alejandro",859302
"T.R.U., 2 Chainz, Skooly",1782657
Super Whatevr,178152
Leotrix,517595
"Marianas Trench, UNKLFNKL",2899
"Reuben And The Dark, AG",209243
Sidewalk Prophets,3567
Nathaniel Rateliff,3791
"Zeds Dead, Ganja White Night",3795
Grouplove,3802
Wolf Parade,39879
Nada Surf,70818
"Forever, Just John",169754
The Men,194392
Gavin Haley,217098
"Jua, B-BANDJ, Shimon Hoshino",772316
William Prince,861189
ripmattblack,1351365
"Nicky Jam, Daddy Yankee",1948
Algiers,322397
Kuatro Kantos,1431338
Stone Temple Pilots,183
Alicia Keys,977
Mac Miller,3772
J Balvin,3883
Other Lives,206287
of Montreal,207307
Khalid,209693
"Bulova, El Boke",431530
Crankdat,469963
The Lone Bellow,470127
Rejoicer,651336
Frances Quinlan,3336031
Poppy,631676
Neon Dreams,161929
"Ozzy Osbourne, Elton John",69
"Matt Redman, Brandon Lake",949
Little Big Town,1657
John Legend,2053
"Jason Gray, Blanca",2867
"Selena Gomez, 6LACK",3168
Selena Gomez,3168
Selena Gomez,3168
Selena Gomez,3168
Selena Gomez,3168
"Future, Drake",3870
Jamie Grace,3971
Elevation Worship,4043
Brandy Clark,4463
"Carnage, Tyga, OHGEESY, Takeoff",4493
"Galantis, Dolly Parton, Mr. Probz",4588
flora cash,4803
Halsey,5109
EDEN,5576
gnash,5594
"Max Styler, Laura White, Sondr",5611
Filmore,22117
"Valentino Khan, Diplo, Tchami",46206
Sexton,52636
"Whethan, STRFKR",64548
070 Shake,71390
Salt Cathedral,86707
Lou Fellingham,112484
Tennis,129673
The Crabb Family,146928
"Cory Asbury, Tori Kelly",174142
Beach Bunny,189590
Bleeker,206535
"Jauz, TYNAN",207972
SAYGRACE,209018
"Shallou, Daya",209303
Philip Sayce,209610
Picture This,213894
Elley Duhé,215318
"Juanka, Anonimus, Papi Wilo, Boy Wonder CF",217110
The Franklin Electric,217527
"Tauren Wells, Jenn Johnson",236507
"Ethan Gruska, Phoebe Bridgers",334798
Devon Gilfillian,466187
Key Glock,491635
Karen Peck & New River,524459
Orion Sun,524710
Ezra Jordan,550529
Conan Gray,562618
"Moneybagg Yo, DaBaby",601328
Zauntee,657619
"HOSH, 1979, Jalja",686379
Lil Baby,731530
Gabby Barrett,824091
"Fame Holiday, LB SPIFFY",867599
"Quando Rondo, Luh Kel",874393
Quando Rondo,874393
Winona Oak,898967
"Kosling, Blackcode, Robbie Rosen",924840
Aunty Social,1025220
chloe moriondo,1134948
Marcus King,1427988
"Olivia Rodrigo, Joshua Bassett, Matt Cornett",260477
"Artists for Peace and Justice, Jackson Browne, Jenny Lewis, Habib Koité",3421353
"Sean Sahand, Sak Noel",344559
Brandon Lay,23350
Baby Goth,1352085
Leyla Blue,1721965
Travis Cottrell,317842
"Sharlene, Farina, Tainy",111548
TobyMac,1244
"Connor Bvrns, Bonn",3512685
"Dermot Kennedy, MEDUZA",206846
Quinn XCII,214809
Sia,1702
Reece Low,308355
Jacquie,729788
"Aly Ryan, Ugly God",625038
Nino Obenza,1700694
Ángel,1467448
Moon Rise City,3514385
"Snare, Antonin",3514364
CYNEMA,824361
John Mark McMillan,35330
"Lincey, Joie Tan",911610
"TINI, Mau y Ricky",206907
Ratboys,97903
Master's Voice,163089
Carin Leon,1011054
"Don Doe, Lil Baby",3439268
Royal & the Serpent,732175
"Megan Thee Stallion, Normani",788785
Bankrol Hayden,1059073
"SoulLab, Richelle Hicks",1710334
"Al2 El Aldeano, Gabylonia",438907
"Beck, St. Vincent",16
SYML,207436
Kudu Blue,178110
Gord Sinclair,1749103
Nico Paulo,1772749
Naeli Fulmaa,1569038
Dale Thompson,3514351
Blonde Diamond,1344831
Jac Ross,3513776
Aldo Trujillo,742518
Sarah Harmer,34290
Fytch,207254
"Shakira, Anuel AA",308
Hayley Kiyoko,4333
Staasia Daniels,37685
"Zeds Dead, DNMO, GG Magree",3795
"Khruangbin, Leon Bridges",180047
Mozzy,197716
Myrkur,200035
"Jauz, Jump System",207972
Andy Shauf,209434
"TOKiMONSTA, EARTHGANG",209666
Born Ruffians,209942
"Yung Tory, Yung Jizzel, Hoodrich Rocklee",297717
Soccer Mommy,398625
Four Year Strong,59542
"Jai Wolf, Wrabel",135738
Husbands,146717
Ultraísta,172735
S. Raekwon,3521394
Alexisonfire,208424
Mute Choir,740642
"T.R.U., Sleepy Rose",1782657
KALEO,4854
Aliocha,77084
Jacob Latimore,215162
Caveboy,230673
iamnotshane,258073
DRAMA,511009
"Ovy On The Drums, Beéle",1366884
TORRES,21868
"Mksolive, Rydaway",1335975
Jorge da Rocha,130303
Trophy Eyes,208664
Alfareros,322066
Luby Sparks,857219
Les Deuxluxes,475686
"Black Tiger Sex Machine, Blanke",56803
feelswithcaps,1580454
Green Day,175
COIN,4542
"Lupe Fuentes, Curt Reynolds",86387
"Lupe Fuentes, Flygirl",86387
"Lupe Fuentes, MC Flipside",86387
"H.E.R., A Boogie Wit da Hoodie, Chris Brown",207304
Porridge Radio,396118
"N7, Pwap",1130707
Pop Smoke,1401297
Danny Ocean,214292
blackbear,169796
Lizzy Farrall,566365
"Devendra Banhart, Helado Negro",103821
"Bad New Days, Seh Dela Peña",1779704
Mavi Gri,647246
"Dreamville, Bas, Cozz, Girl Talk",1610170
"Dreamville, EARTHGANG, REASON",1610170
Hearts and Bros,1638661
Grey Daze,3522339
Eminem,236
"Eminem, Juice WRLD",236
"Eminem, Skylar Grey",236
Eminem,236
"Eminem, Juice WRLD",236
"Eminem, Ed Sheeran",236
Switchfoot,710
Matt Redman,949
Missy Elliott,1041
José Feliciano,1325
Avenged Sevenfold,1583
Little Big Town,1657
Matt Maher,1810
Matthew West,1930
"Steve Aoki, Maluma",3085
Best Coast,3494
"De La Ghetto, Jhay Cortez, Miky Woodz, Zion & Lennox",3570
Mac Miller,3772
Mac Miller,3772
"Meek Mill, Farruko",3970
"2 Chainz, Future",4031
Krewella,4182
DJ Snake,4310
American Authors,4460
Alina Baraz,4722
Meghan Trainor,4913
Halsey,5109
Halsey,5109
Halsey,5109
"Matoma, Petey Martin, Wilder Woods",5211
dvsn,5541
"Max Styler, Laura White, ARTY",5611
"Domino Saints, Landa Freak",5763
"ARMNHMR, Nevve",31370
"Rich The Kid, YoungBoy Never Broke Again",38781
"Rich The Kid, YoungBoy Never Broke Again",38781
"Valentino Khan, Eliminate",46206
070 Shake,71390
070 Shake,71390
"Johan Lenox, Wifisfuneral",89903
Jhené Aiko,99401
Thutmose,113943
Ron Sexsmith,190320
Alejandro Fernández,206367
of Montreal,207307
"Robotaki, Miko",207347
Los Tigres Del Norte,208323
We Are Messengers,209646
"Dabin, Lowell",210886
Big Sugar,212534
"Rvssian, Shenseea, Swae Lee, Young Thug",214112
Christian French,214313
"Kodie Shane, Trippie Redd",214510
"Yung Pinch, Good Charlotte, Goody Grace",215374
"Yung Pinch, YG",215374
Boris Brejcha,216942
Todd Terry,239009
"Yung Gravy, bbno$",271148
Charlotte Lawrence,299113
Carly Pearce,299279
Alec Benjamin,405139
Chelsea Cutler,406347
Faruk Orakci,420423
Ryan Beatty,477874
SEU Worship,486860
Alec King,495807
Chloe Lilac,530768
Puss N Boots,545418
LIZ LOKRE,643427
"Jua, Shimon Hoshino",772316
"Terry Zhong, Jack Newsome",906300
Hotel Mira,926000
Abraham Vazquez,1025563
Charli Adams,1036712
"Sky Rompiendo, Jhay Cortez, Leebrian, Mora",1091042
"David & Nicole Binion, Steffany Gretzinger",1114098
Walkingpasttheex,1120457
"Polo G, Lil Tjay",1120779
HappyBirthdayCalvin,1451517
Daecolm,455862
"Smeyeul., Galvanic, Haux",810917
"Gloria Trevi, Monica Naranjo",82590
"Brianna Cash, Tory Lanez",3522586
Jonas Brothers,2581
"gabriel black, phem",657467
L. Spenser Smith,322280
"Emlan, Miki Núñez",1486933
"Travis & Diana, Raymond ""Rock"" Castro",1706902
Bill Fay,209443
Gardner Pippin,3495583
"Stunna 4 Vegas, DaBaby, Lil Baby",1366399
Road Less Traveled,3410646
"Sérgio Mendes, Cali Y El Dandee",206770
"YBN Almighty Jay, Blac Youngsta",801185
Raekwon,192152
"Deorro, Krunk!",4320
Liricistas,211680
"Here Be Lions, Darlene Zschech",833973
Courage My Love,208622
Bobby Bazini,209817
Sons of Daughters,987144
"Garrett Kato, Julia Stone",381980
"James Colt, Lil Narnia",762462
Flowr.id,3523509
Amélie No,3524211
Black Mountain Whiskey Rebellion,1009893
Don Amero,658275
Dayvi,490986
Mat Zo,3086
Whyel,308411
Marcus King,1427988
"The Worship Initiative, Shane & Shane, Bethany Barnard",1620781
Las Villa,1782705
"D Smoke, Davion Farris",3312013
Elyanna,3414431
Max Leone,3523668
Sotomayor,72329
Jessie Reyez,208137
Harrow Fair,255575
Chill Satellite,1385945
"Gemini 529, Paskal Daze",1657583
Ledo,573730
"Moonkey, Kid Astro",1035935
All Time Low,2211
Jack Harlow,152627
Yumi Zouma,212942
"Sylo Nozra, Goldchain",214871
sophie meiers,389087
"PREP, Anna of the North",195669
Wye Oak,209528
Mitski,188290
Black Pumas,910186
Pearl Jam,70
Felly,139220
M. Ward,211751
Waxahatchee,213492
Macy Kate,409656
Faouzia,411196
Hayley Williams,433603
Chiiild,815561
"Flyo, Ms Banks",488659
Sonya Belousova,218346
Stephen Malkmus,38681
"Auxthentic, Reven",1575756
Isaac Dunbar,1338272
renforshort,1403460
Ricky Martin,109
Yo Gotti,2282
Cosculluela,2388
CNCO,5609
Jaunt,34058
Jessie Reyez,208137
Doja Cat,217671
Billy Raffoul,601705
ROSALÍA,612801
Cage The Elephant,3181
"Azizi Gibson, Kamandi",155132
George Nozuka,31199
BALI,1654512
Plested,519576
"Playa Limbo, Marco Mares",206519
"Japan, Man",1432439
Chaz Cardigan,3447088
Matt Redman,949
Rose Cousins,2706
"Wiz Khalifa, Ty Dolla $ign, Lil Yachty, Sueco",2974
"Steve Aoki, Ummet Ozcan, GATTÜSO, Dzeko",3085
"Cash Cash, Wrabel",3403
Prince Royce,3779
"AWOLNATION, Alex Ebert",3783
Nathaniel Rateliff,3791
The Cadillac Three,4057
Colton Dixon,4141
"Galantis, Dolly Parton, Mr. Probz, MOTi",4588
Kelsea Ballerini,5018
"Max Styler, Laura White, Sammy Porter",5611
Billy Talent,14948
Jhyve,23999
"Keith & Kristyn Getty, Pedro Eustache, Jackie Hill Perry",24292
Wolf Parade,39879
"Ekali, Au/Ra",40430
"Ekali, Elohim",40430
April Ivy,44981
Conro,80169
"Fonkynson, Desiire",97818
Habstrakt,103799
Mitchell Tenpenny,120290
Tennis,129673
La+ch,134100
Joel Plaskett,141441
The Jerry Cans,151780
Chris Renzema,174907
Noble Oak,180985
Two Feet,206780
"Cali Y El Dandee, Reik",206807
Andy Shauf,209434
Philip Sayce,209610
Kidd Keo,215348
Boris Brejcha,216942
Tauren Wells,236507
Ricky Dillard,240715
Yung Tory,297717
"Melanie C, Sink The Pink, MOTi, Terry McLove",298958
Matthew Good,311539
Ethan Gruska,334798
Kid Froopy,347806
Ty Brasel,357992
Astrocolor,375984
Makano,401459
Page CXVI,417331
Cody Carnes,422219
Kiana Ledé,478422
Peach Pit,486519
Rence,488629
"Vineyard Worship, Anabeth Morgan",506926
Quinn Lewis,507804
Karen Peck & New River,524459
Kali Claire,537949
Tate McRae,550577
Nashville Life Music,651572
Ali Gatie,712820
Native Kingdom,722469
Theis EZ,735725
YBN Nahmir,741745
"Jua, Shimon Hoshino",772316
"GASHI, Chris Brown, Afro B, DJ Snake",781351
VICE MENTA,656022
Khushi,206262
"A l l i e, Da-P",307799
Shawn Hook,4407
"Beau Young Prince, Young Nudy",431534
Kassi Ashton,852384
Sara Bareilles,1986
"FredRarrii, Moneybagg Yo",3532331
"Wisin, Yandel, Farruko, Jon Z, Don Chezina, Chencho Corleone, Myke Towers",206685
Luis Figueroa,207597
"Thalia, Mau y Ricky",1784
Draco Rosa,310239
Katie Buxton,517371
Niko Moon,1668070
Tiny Meat Gang,653954
Jordan and Jessa,3532938
Farazi,315074
"Galy Galiano, Jessi Uribe",155898
almost monday,792346
"Breaking Benjamin, Lacey Sturm",1409
Lex Leosis,900972
"Bear Grillz, Nevve",10860
Peregrine PH,1721519
Chris Simmons,54047
"New Horizons Worship, Hannah Buckner",836891
Stray Kids,921931
Stray Kids,921931
R.K.M & Ken-Y,212002
Max Frost,206051
"Alex Aiono, Destiny Rogers",4540
"FAUX, Tom Budin",807147
Nahko And Medicine For The People,200748
"Pretty Rico, Italiani",1528477
Leroy Sanchez,122149
Amanda Reifer,1373844
Eliades Ochoa,50071
The Word Alive,81247
Zachary Knowles,808383
Okay Kaya,479741
"William McDowell, Chris Lawson",470909
"Gospel Heritage 2.0, Madelyn Berry",3525577
Bamily,1479852
Anthony Kalabretta,138522
Blu Ernest,1141556
Johnny Payne,240295
Drianu,206472
"Nitti Gritti, Wuki",132290
"Junia-T, River Tiber, Sean Leon",31111
"David Daliva, JC Torio",1363629
Kraysh,1624057
ELEVATION RHYTHM,1654689
D Andy,1655197
D Smoke,3312013
Smoove'L,3532332
"Tyler, The Creator",2498
"Tyler, The Creator",2498
"Orochi, PL quest",650960
H.E.R.,207304
"Jua, Shimon Hoshino",772316
Erich,1277007
Demi Lovato,3167
Mayer Hawthorne,3415
"Meek Mill, Roddy Ricch",3970
Ashley McBryde,202452
Diet Cig,479597
Kate Tempest,93135
"Lil Nas X, Nas",1366172
"Zoprano, Manny Montes, Onell Diaz, Eliud L'voices, Micky Medina",1397273
Rod Wave,1009958
"Justin Bieber, Kehlani",3479
Margaret Glaspy,5542
Matt Holubowski,203673
Young Nudy,495560
KHEA,728989
"nothing,nowhere.",663667
Efek Rumah Kaca,316579
Effin,744763
Porter Robinson,3764
The Men,194392
Donna Missal,209014
A$AP Ferg,4016
Brooke Evers,572237
Emerson Leif,525628
Pardison Fontaine,214455
Street Car Named Desire,3541323
Stone Temple Pilots,183
"Carnage, NAZAAR, Murda, Coone",4493
"Gryffin, Maia Wright, Deniz Koyu",5153
Overcoats,5510
A Boogie Wit da Hoodie,195737
Hayley Williams,433603
The Lone Bellow,470127
ODIE,648715
"Mariah Angeliq, Guaynaa",1108209
Emilia,1417101
"Thorisson, Luna Asteri",38893
"Yasei Collective, YEAH BOiii COLE, Jun Miyakawa",646764
Braids,431396
"Ovy On The Drums, Mau y Ricky",1366884
Dropkick Murphys,172
Matt Redman,949
José Feliciano,1325
"Lil Wayne, Adam Levine",1465
"Lil Wayne, Big Sean, Lil Baby",1465
Matthew West,1930
"Diplo, Julia Michaels, Morgan Wallen",1964
"Yo Gotti, Moneybagg Yo",2282
"Yo Gotti, A Boogie Wit da Hoodie",2282
Taylor Swift,2762
Pacha Massive,2875
The Cadillac Three,4057
Rend Collective,4134
"Krewella, Arrested Youth",4182
Krewella,4182
Kid Ink,4233
"Tory Lanez, Fivio Foreign",4234
"DJ Snake, Tchami, Malaa, Mercer, Wax Motif",4310
Madison Beer,4655
"Meghan Trainor, Nicki Minaj",4913
Louis The Child,4985
Tep No,5027
Domino Saints,5763
Filmore,22117
Born Dirty,59027
Born Dirty,59027
Sotomayor,72329
"Yung Beef, Goa",122666
Raveena,177981
Angie Rose,189186
A Boogie Wit da Hoodie,195737
Allan Rayman,206712
Kesha,207242
Kesha,207242
Los Tigres Del Norte,208323
We Are Messengers,209646
"Royce Da 5'9""",209850
Son Little,210983
Son Little,210983
"Phil Good, RAC",212763
Elley Duhé,215318
Gia Woods,217479
Soleima,217817
Caveboy,230673
JYDN,238869
Carly Pearce,299279
tobi lou,307410
"Faruk Orakci, Müge",420423
"Melanie Pfirrman, Pitbull, IAmChino",420504
Frente Cumbiero,471875
Ryan Beatty,477874
Ryan Beatty,477874
Key Glock,491635
Las Áñez,505305
Midnight Kids,514242
"Famba, Eric Lumiere",548797
Famba,548797
"Famba, David Aubrey",548797
lovelytheband,566773
"G.No, Bobby V",586970
Thrive Worship,599959
Alaya,758378
Roy Woods,5301
"Raúl Rodríguez, Jackson Browne",449718
Ángela Aguilar,273085
Roy Tosh,652828
NSG,760621
"Claude VonStroke, Green Velvet, Get Real, Damian Lazarus",2541
"I DO, TRACKDILLA, J.Lauryn",1118315
Landon Cube,600746
"BUNT., Benemy Slope",2870
"Jadakiss, Rick Ross, Emanny",197920
"Gotay ""El Autentiko"", Kevvo",422446
10k.Caash,1206661
Tyla Yaweh,705670
Russ,130214
Lucky Daye,1331649
Destroyer,133977
"Trevor Daniel, Summer Walker",720461
"Chuuwee, Farazi",213244
Chin Injeti,167625
JON VINYL,746571
Aidan Gallagher,1427384
"Q Parker, Deitrick Haddon, Avery Wilson",63565
K. Michelle,3669
ZZ Ward,211856
Ulices Chaidez,613586
Cory Marks,3402448
Martin Thulin,3541191
Thembeka Mnguni,1223384
"Saweetie, GALXARA",808784
Josie Dunne,151995
Juan Carlos Alvarado,92568
NEIL FRANCES,600199
Mali Music,317206
Red Rocks Worship,303157
Kelsi Mayne,759794
"Alil, Chimbala, Flamen Beretta, Elbert La Melodia",1395565
"MEMBA, Levus Alone",213477
"Sodré, Kim Quaresma, DJ Biel do Anil",1124979
Callaz,743910
"Mañas Ru-Fino, Doble Porcion, DeeJohend",788608
"Daniel, Me Estás Matando",871319
Ivy Queen,208107
Mint Julep,485000
Young M.A,5733
"Daddy Yankee, Sech",1802
InSalvation,136299
Jackie,3356696
Loving,333391
Ocie Elliott,784086
Nikki Yanofsky,118229
SonReal,156233
Century Surfers,1766078
"Duumu, MYRNE",530397
"Draze, Robbe",3457625
"DJ Khaled, Lil Blurry",2602
Julian Daniel,858855
"Xie, Reo Cragun",651825
TäBï Yösha,1558272
"David Kawooq, Juanes, Ali Aka Mind, Colectivo Ley De Origen",805247
Nikki Vianna,879479
"Kevin Rolly, AR Paisley",1014869
Charli Adams,1036712
"David & Nicole Binion, Maranda Curtis",1114098
"The Kid LAROI, Lil Tecca",1333786
Bejaflor,1379249
Raissa,1419802
"Ant Saunders, Audrey Mika",1650474
"Love Harder, Amber Van Day, TCTS",1679271
D Smoke,3312013
Frances Quinlan,3336031
GAYLE,3540881
BADDIES ONLY,3541059
Evie Clair,720347
Stefficrown,813198
Rico Nasty,156043
Galantis,4588
Konshens,3453
Alectrona,3410972
UPTOWN BOYBAND,3550101
"Infected Mushroom, Freedom Fighters, Mr. Bill",5694
"Adam Lambert, Nile Rodgers",3458
Galantis,4588
Hinds,5671
Lido Pimienta,87636
Basia Bulat,176519
"Kamaiyah, Trina",207293
Robbie Rivera,209394
Robbie Rivera,209394
Robbie Rivera,209394
Robbie Rivera,209394
"Khalid, Disclosure",209693
"Jay Worthy, Larry June, The Alchemist",434615
"Davo Music, Anyuri, El Prince",3559284
Tasha Angela,1783249
KennyHoopla,1351179
"Sufjan Stevens, Lowell Brams",1813
Kevin Gates,3342
Best Coast,3494
5 Seconds of Summer,4477
Overcoats,5510
H.E.R.,207304
Jacob Latimore,215162
Christian Lalama,541633
Wande Coal,3499
"Jhay Cortez, Anuel AA, J Balvin",731962
Audrey Mika,1391489
Jesh,3549815
Marcos Witt,341953
Sharon Van Etten,3467
Lamb of God,1203
The Chainsmokers,4796
"Lenny Tavárez, Justin Quiles",120581
Victoria Monét,195118
Jutes,316274
Jacaszek,316895
Hayley Williams,433603
"Jay Whiss, Donnie",492027
"Jerreau, Kaine",128488
Jerry & the Bandits,1582977
Crown Lands,784084
Hearts and Bros,1638661
EOB,1787184
Grey Daze,3522339
Green Day,175
Stone Temple Pilots,183
The Used,1417
Avenged Sevenfold,1583
"Classified, Dax, Snak The Ripper",1942
Cosculluela,2388
Five Finger Death Punch,2935
Phantogram,3360
"Justin Bieber, Quavo",3479
"Prince Royce, DaniLeigh",3779
Prince Royce,3779
"Grouplove, DJDS",3802
"Meek Mill, Justin Timberlake",3970
The Cadillac Three,4057
Tory Lanez,4234
X Ambassadors,4543
"PARTYNEXTDOOR, Drake, Bad Bunny",4587
"Galantis, Bali Bandits",4588
"Galantis, flyckt",4588
"Galantis, Hook N Sling, Dotan",4588
"Galantis, John Newman",4588
Sam Hunt,4954
Halsey,5109
Niall Horan,5684
"Keith & Kristyn Getty, Matt Papa",24292
ARMNHMR,31370
"Sexton, Smokepurpp",52636
Whethan,64548
Nada Surf,70818
Joshua Hyslop,87115
Gabylonia,108766
Welshly Arms,128458
Love & The Outcome,128617
"Bethel Music, Brian Johnson, Jenn Johnson",137704
The Crabb Family,146928
Blacc Zacc,163080
Corb Lund,170808
Raveena,177981
"Khruangbin, Leon Bridges",180047
Beach Bunny,189590
"NGHTMRE, SLANDER, Matthew Santos",206452
Amtrac,207172
"Kesha, Big Freedia, Pink Panda",207242
Boston Manor,208661
SAYGRACE,209018
SAYGRACE,209018
Axel Flóvent,209999
Moses Sumney,210053
MILCK,214348
Jeremy Zucker,257641
"Yung Gravy, bbno$, Cuco",271148
Julian Lamadrid,299491
Nancy Amancio,326375
Georgia Ku,432836
The Lone Bellow,470127
GRiZ,4311
SEU Worship,486860
Conor Matthews,815117
Lil Zay Osama,1112423
Willy Winarko,104502
"TrapBabii 400, Lil Gotit",3548578
Single Friend,1134937
Patoranking,5321
"iyla, Method Man",1342365
"Rhyan LaMarr, Jonathan McReynolds, Jack Red",1067540
Amber Liu,744794
"Steve Spiffler, Blu",508223
Olivia O'Brien,95540
Lil Mosey,855069
Anna Sofia,1453674
"Enigma Norteño, Javier Rosas Y Su Artillería Pesada",198844
"Serani, Jenn Morel",3264
Carly Rae Jepsen,3397
"Social Club Misfits, Austin French, Asher Postman",65582
EVAN GIIA,763235
Franco De Vita,1298
"Vineyard Worship, Tina Colón-Williams",506926
"G-Eazy, Tyga, Tory Lanez",4114
Cameron Dallas,5403
sad alex,1408193
Hope Darst,735013
Ian Gott,311632
Todd Dulaney,310169
Reis Belico,520810
"Jory Boy, Alex Rose",207763
"Party Pupils, Gary Go, MAX",213094
Nicki Minaj,3442
Michan,1633912
Jayden Bartels,1124058
Earl Andrade,1693837
Laguna Pai,209621
"Denzel Curry, Kenny Beats",4345
"flor, MisterWives",61681
BENNETT,1021425
"Keenan, Anna Clendening, gnash",1348087
"Jason Ingram, Essential Worship",540742
Maisie Peters,727522
Jon Z,650656
Leanna Crawford,784682
Puss N Boots,545418
"Ana Bárbara, Bronco",331882
JVNA,730888
Phaeleh,3383
Chezidek,2296
"Faraón Bantú, Champeta Man",88521
"Pyura, Fabo",717302
Technicolor Fabrics,148187
Adan Cruz,461782
Ruzto,417922
"Santiago Navas, La Muchacha",401168
Lika Nova,663750
Lucah,152318
Nina Rodriguez,285978
"Dj Bitman, Akapellah",471871
"Latroit, FLOYD WONDER",212755
The World of Birds,1136234
Ryland James,711675
"BAD CHILD, Ryan Chambers",666441
Stuck On Planet Earth,97334
"Jack Trades, Madison Olds",745022
"Fluse, Aaron Fong",3478277
Noah Reid,49574
"Hawksley Workman, Sarah Slean",480727
Andrew Hyatt,210599
Pressa,524968
"Houdini, Burna Bandz",736781
KUURO,206499
Lauren Jauregui,569292
JP Saxe,572217
Billy Raffoul,601705
Col3trane,636717
Vertical Worship,717552
LB SPIFFY,781652
Juan Galeano,803767
Margarita Siempre Viva,803785
William Prince,861189
Tenille Townes,1004724
Switch,1005279
Ryan Langdon,1012981
Lil Tecca,1014878
Lil Tecca,1014878
"Kanyi Mavi, Prof.Ceaz",1035257
"Blueface, DaBaby",1110871
Lil Gotit,1328297
Niño Pueblo,1348181
Haiti Babii,1374500
"Chill Chicos, Megansito el Guapo",1377517
"Justin Rarri, Lil Poppa",1378873
NLE Choppa,1388456
La Banda del Bisonte,1398322
"Pop Smoke, Quavo",1401297
SimxSantana,1643857
"Louly, Omar Varela, Valyumprod",1653698
"T.R.U., Hott LockedN, NLE Choppa",1782657
"D Smoke, Jackie Gouche",3312013
Elyanna,3414431
Cheo,3421806
A is for Arrows,3434031
Chaz Cardigan,3447088
Hammurabi,1727405
Sekaranggi,1399624
"Powfu, beabadoobee",1119813
UMI,774028
New Found Glory,206532
Childish Major,331585
"Melanie Martinez, Tierra Whack",4397
"Delaossa, J.Moods",827463
Eptic,3879
Ingrid Andress,519633
Flo Milli,1435071
The Strokes,1011
Myrkur,200035
Born Ruffians,209942
YoungBoy Never Broke Again,215373
King Princess,884166
Russell Dickerson,4294
Jean Seizure,1022134
"BEAUZ, Linney",164390
"Sabai, Hoang, Claire Ridgely",1471725
Dion Timmer,12431
"El Alfa, Lil Pump, Sech, Myke Towers, Vin Diesel",181977
Alex Newell,189038
"Sikdope, ATRIP",206348
Pedro Capó,206689
"PnB Rock, Pop Smoke",132691
Charlie Zane,706802
Karen Lizarazo,1014583
Pop Smoke,1401297
Alexander 23,1422356
Boys Noize,2292
Asking Alexandria,3534
"Halsey, Tiësto",5109
Billie Eilish,5596
Knxwledge,76541
Violent Soho,154430
Mau y Ricky,190507
Shallou,209303
"Yung Pinch, Landon Cube",215374
Trupa Trupa,224549
"Sandhy Sondoro, Lala Karmela",312879
Alec Benjamin,405139
Bulova,431530
Ozuna,113381
Sofia Reyes,50113
Noriel,276203
Yordano,131206
"DreamDoll, G-Eazy, Rahky",643844
Cam,5229
William Elvin,1384246
"PlayerDaking, Hugo Baptista",1498164
Crankdat,469963
Cazzu,668307
Calboy,839914
partywithray,1451553
partywithray,1451553
Chaz Cardigan,3447088
"Paul Baloche, Chris Brown",1424
Matthew West,1930
"John Legend, David Guetta",2053
"Boys Noize, Rico Nasty",2292
Luke Bryan,3118
Ace Hood,3178
"Justin Bieber, Post Malone, Clever",3479
"Justin Bieber, Travis Scott",3479
Justin Bieber,3479
"Jesus Culture, Kim Walker-Smith",3533
Nathaniel Rateliff,3791
COIN,4542
Madison Beer,4655
flora cash,4803
"Different Heaven, Lost Boy",4986
EDEN,5576
Micah Tyler,5612
"KREAM, Black Caviar",19723
"Keith & Kristyn Getty, Matt Boswell, Matt Papa",24292
Sotomayor,72329
"Johan Lenox, Landon Cube",89903
Sonyk El Dragón,108683
Tennis,129673
The Jerry Cans,151780
"Feid, Manuel Turizo",152776
Forever,169754
Beach Bunny,189590
Beach Bunny,189590
Ron Sexsmith,190320
"A Boogie Wit da Hoodie, London On Da Track, Roddy Ricch, Gunna",195737
"A Boogie Wit da Hoodie, Young Thug",195737
Alejandro Fernández,206367
Fytch,207254
Chris Malinchak,207368
"Eva Shaw, Nate Husser",207402
Virginia To Vegas,208621
Bryant Myers,209052
Black Atlass,209838
Big Sugar,212534
Todd Terry,239009
"Yung Gravy, bbno$",271148
"Yung Tory, Kevin Rolly",297717
Carly Pearce,299279
Judah,1474284
Jesse & Joy,3080
"Boosie Badazz, MO3",108885
Tink,4742
Jalen Santoy,207295
Terrace Martin,3333
"Chloe Angelides, Bipolar Sunshine",422909
"Byron Juane, Aaron Cole",714124
Suspect OTB,667023
CRAY,594552
"Nightlapse, Bambie Thug",651579
"YG, Kehlani",4252
"Steve James, TELYKast, Jordan Shaw",3031
"TCTS, Maya B, Zac Samuel",117476
Izzy Camina,3439749
"Crowder, Riley Clemmons",205807
Cast of Zoey’s Extraordinary Playlist,3558100
"Migos, Travis Scott, Young Thug",4597
Monsta X,5213
ChocQuibTown,208164
Boza,155051
"Zookëper, Carla Monroe",165364
ikkubaru,748015
"Judah Band, Cierra Cantrell, Darnell Williams",712750
morgxn,8885
Sabrina Carpenter,4550
BRUX,917999
Ansızın Bi' İnfilak,531284
"Freaky Rap, Rich Flo, Skusta Clee",1026854
Velo De Oza,118898
"Armin Joseph, Chace Cruz",3558658
"No Stories, Juli",803754
Techy Fatule,206336
Kodak Black,205962
"DJ D-Sol, Hayley May",1085746
"Salvatore Ganacci, Sébastien Tellier",4927
"SWMRS, FIDLAR",212113
LEDGER,924839
"Harper Still, Jamie Grace, Morgan Harper Nichols",371644
"Dirty Audio, Leotrix",101483
"Yoke Lore, Jax Anderson",206775
"Eyup Celik, Faruk Orakci",562892
Jhonny Rivera,417377
CLAUSTRO,1329257
"Rich Vagos, Gera MX, Charles Ans, Jay Romero",1684463
Lucas Arnau,210399
Lee Eye,869485
Los Maricas,18869
The Castles,270205
Babelgam,1388788
"Piel Camaleón, ha$lopablito",707667
Not Berlin,719235
Juan Astronauta,711700
"La Sociedad de La Sombrilla, Juan Amaya",901256
Coco Jadad,214552
Brendan Benson,149986
Leeland,473894
Kaien Cruz,788952
GUS,1129163
DCF,786471
Zagata,61713
Dralms,168787
Alan Doyle,156658
KAKTOV,801425
"Mija, Gammer",92895
"ICELANDIA, Zerbin",275613
Andrew Allen,117392
"Lennon Stella, JP Saxe",435498
Alec King,495807
"John K, Sigala",505715
DRAMA,511009
WENS,525367
Puss N Boots,545418
"Nacho, Jorge Luis Chacin",565154
Emily Rowed,602870
Alive City,650200
"Rejoicer, Jenny Penkin",651336
"Greeicy, Mariah Angeliq, Darell",717243
Futures,736080
Luna Li,742178
Romeyo Wilson,790010
"David Kawooq, Andrés Cepeda, Ali Aka Mind, Colectivo Ley De Origen",805247
Cavetown,813672
League of Wolves,880498
"Lex Leosis, Patrik",900972
Hotel Mira,926000
Switch,1005279
"David & Nicole Binion, Todd Dulaney",1114098
"Polo G, Stunna 4 Vegas, NLE Choppa",1120779
"Polo G, Stunna 4 Vegas, NLE Choppa, Mike WiLL Made-It",1120779
IV JAY,1334523
"Rifkysetya, Adhisty",1363074
MALACHI,1391780
Kim!,1408023
Raissa,1419802
LÚA,1452466
La Muchacha,1629387
Drewgon,3422961
"Future, DaBaby, Drake, Lil Baby",3870
Yxngxr1,1403888
Sebastian Yatra,13516
"Passion, Kristian Stanfill",209308
"Silvestre Dangond, Zion & Lennox",2513
"Natti Natasha, Nicky Jam, Manuel Turizo, Myke Towers, DJ Luian, Mambo Kingz",85253
Bejaflor,1379249
Pearl Jam,70
The Strokes,1011
Taylor Swift,2762
Nap Eyes,129981
Yumi Zouma,212942
Waxahatchee,213492
CHIKA,1136444
"Sufjan Stevens, Lowell Brams",1813
"Zeds Dead, Rezz",3795
The Weeknd,3852
Dombresky,147770
Mt. Joy,207505
Jaded,211142
"Ms Nina, Kabasaki",217647
"Wax Motif, Taiki Nulight, Scrufizzer",298925
Dutch Revz,491976
South Bear,3566895
Ada Lea,387436
"6ixbuzz, Layla Hendryx, Why G",1333465
Smoove'L,3532332
Livingston,3565412
All Time Low,2211
"Dillon Francis, Vera Hotsauce",3920
"SNBRN, Cappa",5127
"Sebastian Yatra, Rauw Alejandro, Manuel Turizo",13516
"Dombresky, Boston Bun",147770
"Big Freedia, Kesha",174560
Ashley McBryde,202452
Reykon,206679
"Chiquis, Amandititita",206356
"Ecko, Big Soto, Brray, Eladio Carrion",150895
Bon Jovi,834
"Grandtheft, Yung Tory",206303
Sgandall,3567532
Loka`,3566476
"Grumbae, Alessia Labate",3497723
"MC Caverinha, Yokame, WALL",1447480
Crudo Means Raw,281201
Jay Som,127909
Ferraro,105640
RIELL,874802
Yung Mal,794859
Rich Flo,1026853
Jackie Lynn,1306800
Isaac Dunbar,1338272
Gracie Abrams,1414843
Oliver Malcolm,3566277
"Ozzy Osbourne, Post Malone",69
Kenny Chesney,926
Lincoln Brewster,1282
"Paul Baloche, Kari Jobe",1424
"Pitbull, Blake Shelton, Joe Perry",1896
"Good Times Ahead, FIGHT CLVB",1933
"Gareth Emery, Emily Vaughn",2363
Rose Cousins,2706
"Steve Aoki, Maluma, R3HAB",3085
Selena Gomez,3168
"Tyga, Ozuna",3184
Best Coast,3494
Greyson Chance,3825
"Dillon Francis, Shndō",3920
"Dillon Francis, Beauty Brain",3920
"Dillon Francis, Black Caviar",3920
"DJ Snake, KIYA, Burna Boy",4310
"DJ Snake, Devault, ZHU",4310
5 Seconds of Summer,4477
COIN,4542
X Ambassadors,4543
Bri Babineaux,5499
Maurice Moore,5657
"Keith & Kristyn Getty, Selah",24292
"Alex Sensation, Silvestre Dangond",30742
Sarah Harmer,34290
"Cienfue, Shary Rose",49918
"Arizona Zervas, Swae Lee",64150
Hanni El Khatib,86222
La-33,103274
"Yung Beef, Galdiel, Mitchel de Leon, Kiid Favelas",122666
Joel Plaskett,141441
Covenant Worship,146240
"Dombresky, Lucati",147770
"Dombresky, Ben Hemsley",147770
Dombresky,147770
"Blacc Zacc, Moneybagg Yo",163080
Chris Renzema,174907
Angie Rose,189186
Yoste,190685
Matt Holubowski,203673
"Mahmut Orhan, Colonel Bagshot, BeatBoy, MalYar",206417
"NGHTMRE, Tory Lanez",206452
Kamaiyah,207293
Wild Rivers,208489
Jonathan McReynolds,208936
"Chris Lake, Josh Wink, Lil' Louis",209367
"TOKiMONSTA, Bibi Bourelly, Jean Deaux",209666
"Royce Da 5'9"", KXNG Crooked",209850
Moses Sumney,210053
"Frank Walker, Harry Hudson",212005
"Alex Gaudino, Bottai, Moncrieff, Blush",212541
Johnny Orlando,214276
Kodie Shane,214510
"ONR, Carina Jade",726043
"Posa, Rubberband OG",1367024
Patrick Droney,829464
YoungBoy Never Broke Again,215373
UnoTheActivist,44080
Kevin Roldan,5291
Riley Clemmons,558604
Caylee Hammack,1388953
"Ne-Yo, O.T. Genasis",2447
"Rick Ross, D. Wade, Raphael Saadiq, UD",2600
Juanka,217110
Miles Davis,409
"Walk Off the Earth, Liquid Todd",4133
"Jimmie Allen, Noah Cyrus",620277
The Franklin Electric,217527
No Love For The Middle Child,3410259
"DJ Drama, Rick Ross, Westside Gunn, Lule",2343
Natalie Grant,1060
Elisa Niza,3567234
"Nicky Ash, Matt Kent",1429787
"Raes, Alejandro Roca Rey",341777
TYLERxCORDY,212794
Burna Boy,212614
Kevo Muney,1398707
Soleima,217817
"KYLE, K CAMP, Rich The Kid",207462
Elohim,210897
Baby Ranks,283323
"Yellow Claw, Juyen Sebulba, RayRay",4197
Don Tetto,664630
Papillón,135423
MANDA,3533467
Grupo Niche,130893
"Gera MX, Robot95",175253
"Capitán Cobarde, Albertucho",497997
"The Negro Tapes, Gio Arrázola",3410282
"Stailmic, Big Stan",648452
María Cristina Plata,383847
Arelys Henao,600288
El Micha,45670
Vilamarea,125972
Atrato,1141903
Andee Zeta,1346442
"Papá Kumbé, Rap Bang Club",727114
Mala Bengala,716013
Mando,207039
Los Daniels,209571
Emmanuel,1214
David Spinelli,3511295
"JazziDisciples, Mr JazziQ, Focalistic, Busta 929",1206272
"Bakai, Orah",815552
Tim Hicks,11681
Ferdinan Fadel,1626964
Beamer Wigley,210602
Beauts,417146
"SLUMBERJACK, Cory Enemy, Mothica",2772
JRDN,165996
iamnotshane,258073
"Kyngs, Fagin",852007
Jordan Klassen,475694
Wilsen,209779
KORDELYA,276774
Matthew Good,311539
Page CXVI,417331
Yella Beezy,465564
Las Áñez,505305
John K,505715
Reis Belico,520810
Eric Ethridge,526007
Ali Aka Mind,547766
Ezra Jordan,550529
"Nashville Life Music, Taylor Browning",651572
"Kayobe, Zoe Sky Jordan",801352
Juan Galeano,803767
"Calboy, Lil Baby, Lil Tjay",839914
David & Nicole Binion,1114098
Fredo Bang,1114575
chloe moriondo,1134948
Giveon,1202489
"Lil Gotit, Polo G",1328297
La Banda del Bisonte,1398322
Tones And I,1410939
Kraysh,1624057
"Love Harder, Julie Bergan",1679271
noelle,3567538
"Tchami, Daecolm",89828
"Habstrakt, Asdek",103799
No Age,470052
Princess Nokia,217795
"Shadow Blow, Quimico Ultra Mega",217720
Soccer Mommy,398625
Young Nudy,495560
"100 gecs, Charli XCX",1577917
"Marshmello, SVDDEN DEATH",3907
Chicano Batman,28123
"Tchami, HANA",89828
Riot Ten,167451
Perfume Genius,188403
The Magnetic Fields,207132
Julio Sesma,3557794
"SZA, Justin Timberlake",4515
Margaret Glaspy,5542
Phoebe Bridgers,122237
Car Seat Headrest,211012
Aminé,206573
Injury Reserve,216944
"Céline Dion, Chris Isaak",43
"MYRNE, Manila Killa",306500
"MYRNE, Manila Killa",306500
Kenny Mason,894953
Leo Bash,1721005
Keith Urban,1058
J Balvin,3883
"Kyle Watson, GRANDMA",207152
Diana Gordon,209692
JAWNY,861026
Residente,213188
"Wisin & Yandel, Sech",1982
"Ander Bock, El Leo Pa, Triple Seven, Tommy Royale",662693
Mohamed AlSalim,426320
"Abhir Hathi, Daily Nudes",1343175
"Yung Mal, Doe Boy",794859
"N7, Pwap",1130707
Lila Drew,1345657
renforshort,1403460
Max Leone,3523668
Paul Baloche,1424
Five Finger Death Punch,2935
"Selena Gomez, Alexander 23",3168
"Cash Cash, Andy Grammer",3403
"Edward Maya, Vika Jigulina, Timmy Trumpet",3556
2 Chainz,4031
Rend Collective,4134
Kid Ink,4233
American Authors,4460
PARTYNEXTDOOR,4587
PARTYNEXTDOOR,4587
"The Chainsmokers, Kygo, Frank Walker",4796
Kelsea Ballerini,5018
"YFN Lucci, Bandhunta Izzy",5314
Bri Babineaux,5499
gnash,5594
Filmore,22117
"Whethan, Grouplove",64548
Conro,80169
DREAMERS,84754
Salt Cathedral,86707
Bryce Vine,97784
"Jhené Aiko, Future, Miguel",99401
Covenant Worship,146240
The Crabb Family,146928
"DJ ESCO, Doe Boy",150262
Cory Asbury,174142
"Tm88, Smokepurpp",197754
Virginia To Vegas,208621
Kierra Sheard,208935
"Passion, Brett Younker",209308
Brandi Carlile,2212
ilham,852299
"Kurtis Hoppie, Jon Keith",1420671
"Mako, Lliam Taylor, Latroit",4546
Henry Jamison,165063
Cedric Gervais,206444
"GATTÜSO, Kat Nestel",916547
Kash Doll,302563
Evie Irie,1633068
Swae Lee,426751
Mk.gee,569799
Guaynaa,1136189
BabyJake,1460990
"Pitizion, Greeicy",1594322
Lady Gaga,3188
MAX,5614
"Myron Butler & Levi, Blanche McAllister-Dykes",208945
"DEKKO, Beéle, Montano",1617114
Juhn,153116
"Maffio, Tito ""El Bambino"", Nacho, Kiko el Crazy, Quimico Ultra Mega",210450
"Pj Sin Suela, Jorge Drexler",16659
"Keke Palmer, TK Kravitz",2739
"Moral Distraida, Combo con Clase",210743
Shane & Shane,152570
"Eytan, Ceren Kaan, Impala",1092957
Michael Rodriguez,1537382
"Sak Noel, Gian Varela, Mr. Saik",74651
Ally Brooke,650783
Briston Maroney,696018
Zach Williams,209644
"Olga Tañón, Manny Manuel",208101
Silver Rose,150570
Life.Church Worship,209315
Neon Feather,424227
"Krawk, Mc Davi, Blakbone",718493
"Jorge Villamizar, Dayhan Díaz, Tokao Club",208138
Nanpa Básico,107780
"Big Stan, P.N.O",65310
Mr. Saik,420582
Alkilados,144620
Urdaneta,744860
The Sounds,38424
Junior Garr,1373653
YoungstaCPT,221268
"John Skyfield, Gktrk, Dominic Donner",871431
"grandson, K.Flay",215304
"Kidd Keo, Dark Polo Gang",215348
Todd Terry,239009
Jeremy Zucker,257641
Soccer Mommy,398625
Loote,433681
Bongeziwe Mabandla,476550
"JP Saxe, Other",572217
Zauntee,657619
Vertical Worship,717552
"Lil Baby, Future",731530
"Lil Baby, Gunna",731530
John Lindahl,782080
Malia Civetz,783473
Margarita Siempre Viva,803785
Chiiild,815561
League of Wolves,880498
Rod Wave,1009958
Elle Limebear,1020210
"Kanyi Mavi, Blaklez, Kritsi Ye Spaza",1035257
Taylor Janzen,1102765
Pink Sweat$,1118137
Walkingpasttheex,1120457
ricky retro,1349390
"David Daliva, Clarisse Cayacap",1363629
NLE Choppa,1388456
Raissa,1419802
LÚA,1452466
La Muchacha,1629387
Ant Saunders,1650474
"Alejandro Santamaria, KURT",1693516
2KBABY,1789822
Street Car Named Desire,3541323
Xavier Weeks,1404751
"Maky Lavender, Sophia Bel, Brighid Rose",1012946
Lil Uzi Vert,5732
ÁTOA,149563
"Ricardo Pinheiro, Miguel Amado",3584050
Wooshay,550566
Mayer Hawthorne,3415
Spike,3602825
Kabin Crew,3583789
"Jua, Shimon Hoshino",772316
NoCap,1341576
Caroline Rose,12435
"Lido Pimienta, Li Saumet",87636
Myrkur,200035
The Airborne Toxic Event,210279
Gone West,1388527
Jade Hairpins,1340425
Breadwinna Gdawg,1680205
Kevin Morby,209541
Bad Computer,726109
Trupa Trupa,224549
Macy Kate,409656
Diet Cig,479597
Jay Whiss,492027
"Mr JazziQ, JazziDisciples, Killer Kau, Reece Madlisa",3566885
"Mr JazziQ, JazziDisciples, Josiah De Disciple, Fakelove, Moonchild Sanelly, MDU aka TRP",3566885
Asking Alexandria,3534
Grouplove,3802
PVRIS,4820
"Louis The Child, Foster The People",4985
"Niall Horan, FLETCHER",5684
Knxwledge,76541
Aliocha,77084
The Aces,141986
AURORA,5172
"Rynx, Cruise Control",729653
The Chicks,1586
Smrtdeath,832020
Pottery,1363216
"Daniel Allan, Naliya",1445731
Nurko,299418
"Sam Wills, Honey Mooncie",441650
Porridge Radio,396118
"Lil Skies, Lil Durk",706689
"Jay Menez, Darell, Kingz Daddy",859302
Carlos Vives,1334
"De La Ghetto, Darell",3570
Jaunt,34058
"Jessie Reyez, Dzeko",208137
"Chet Porter, Alison Wonderland",80707
Katy Perry,2482
88GLAM,772390
Lauren Auder,754623
Healy,166200
Courtney Marie Andrews,83300
Knuckle Bones,1261989
Armand Van Helden,187
Bazzi,213807
Jutes,316274
Jacaszek,316895
Alec Benjamin,405139
"Yung Mal, Lil Keed, Lil Gotit",794859
Matt Maher,1810
"Pacha Massive, Gabriel Pagan",2875
"Steve Aoki, Global Dan, Travis Barker",3085
Demi Lovato,3167
Phantogram,3360
"Alesso, DubVision",3894
Brandy Clark,4463
X Ambassadors,4543
flora cash,4803
Different Heaven,4986
"Bri Babineaux, Psalmist Raine",5499
Overcoats,5510
"Max Styler, Jimmy Nevis",5611
Hinds,5671
"People of The Earth, Michael Schawel",11605
Rich The Kid,38781
Maía,87349
"Johan Lenox, Rence",89903
"Jhené Aiko, H.E.R.",99401
Gord Bamford,127310
Love & The Outcome,128617
"Bethel Music, Brandon Lake",137704
Covenant Worship,146240
"Blacc Zacc, DaBaby",163080
"Alex Newell, Chus & Ceballos",189038
Rexx Life Raj,198688
Ashley McBryde,202452
Lady Bee,207261
Matt Papa,466323
Christina Aguilera,166
Anfa Rose,470455
"King Von, Yungeen Ace",1136101
"VIZE, Lilly Ahlberg",1097339
"4B, Austin Mahone, Abraham Mateo",27684
BJ The Chicago Kid,13578
G Baby,1440270
"W. Corona, El Chino del Rancho",190597
"Amtrac, Alex Metric",207172
Mickey Guyton,473572
Pat Barrett,732132
DC Talk,130403
Chayín Rubio,207638
Mandy Moore,721
"Jordy Jill, Mariah Angeliq",69138
Kito,220692
Day Sulan,1532150
"AJ Mitchell, Rich The Kid",656958
Grace VanderWaal,213967
Debi Nova,2481
Víctor Manuelle,1304
Jaden Hamilton,3583757
"BROCKHAMPTON, Dua Lipa",80749
"Angel, French Montana, DaVido",214428
"Robotaki, Pell",207347
LBS Kee'vin,1464972
august brodie,802328
Jordan Fall,772394
Chance Emerson,611765
"Sofia Carson, R3HAB",5329
THICK,353873
"Providencia, Conkarah, Afaz Natural",420056
"EZ Stevie, DaVido",3598150
Elijah Woods x Jamie Fine,420486
Jason Haft,221392
"Lemarroy, Amor Carlín, Neto Peña",486367
Joel Adams,5492
Ro James,207754
Ship Wrek,113877
Absofacto,431412
"Kranium, Kelvyn Colt",5421
Maddie Medley,851793
CAIN,3585103
"Ken Aldino, Daddy",3583115
"Charlotte Devaney, Aliki",210162
Jessie Reyez,208137
Apollo LTD,148346
Pantoja,217012
Sanalejo,29103
Afaz Natural,473200
Los Yoryis,1023830
Sitoonce,1625177
"Dragón Rojo, Buxxi",458356
Gran Orquesta Internacional,217160
"Caravanchela, Sofia Macchi",788610
"Los Rumberos, Daniel, Me Estás Matando",11670
Montañera,907833
"Francisco, el Hombre, Yorka",195242
"Gregorio Uribe, Jorge Villamizar",118982
"Coco Mano, Los Rolling Ruanas",925257
Brownout,533804
Martin Smith,425222
Donovan Woods,212914
Liza Anne,208488
Fabrikate,19407
WILD,52174
"Claude Bégin, Marie-Mai",311460
"Faber Drive, Maddi K",250266
Nice Horse,725401
Hannah Georgas,104457
"Fuego, Breakfast n Vegas",208528
"Ashley Wallbridge, Evan Henzi",206428
Johnny Balik,492586
Partner,74766
"Passion, Kristian Stanfill",209308
"Chris Lake, Solardo, Noizu",209367
David James,210606
"Moral Distraida, Boris Silva, Ezio Oliva",210743
Christian French,214313
"Todd Terry, Alexander Technique",239009
Ricky Dillard,240715
Jimi Cravity,259671
Hamilton Leithauser,262842
Kid Froopy,347806
"Housefires, Kirby Kaple, Dante Bowe",451742
"Dark Heart, Veronica",469996
Peach Pit,486519
"Midnight Kids, Annika Wells, Famba",514242
"Ali Aka Mind, Achepe",547766
Leven Kali,548070
"WHIPPED CREAM, Jasiah",566452
The Marías,653847
"Cazzu, Eladio Carrion, Noriel",668307
"Greeicy, Mike Bahía",717243
Trevor Daniel,720461
Benita Jones,860462
Aunty Social,1025220
"Blueface, NLE Choppa",1110871
Louly,1653698
We The Kingdom,1693754
LoveLeo,3413934
Kidd Keo,215348
Yxngxr1,1403888
"Wiz Khalifa, Mustard",2974
Grouplove,3802
"Alina Baraz, 6LACK",4722
"Lil Yachty, DaBaby, Drake",5731
Yoss Bones,1058959
ITZY,1402414
Mav Karlo,3590793
M. Ward,211751
"Jua, Shimon Hoshino",772316
"Camilo, Evaluna Montaner",1355995
Porter Robinson,3764
Nap Eyes,129981
Mozzy,197716
"Suigeneris, Yung Pinch",817178
"Anderson .Paak, Justin Timberlake",4911
Fenne Lily,207751
Hands Like Houses,62768
YHB Sleepsalot,1644532
Jas Hujan,3628805
Born Ruffians,209942
Anna Burch,747718
"Terry Zhong, Will Jay",906300
"Sufjan Stevens, Lowell Brams",1813
"Kacy Hill, Francis and the Lights",5271
"Slushii, Holly",5608
Felly,139220
The Pack a.d.,174197
Noble Oak,180985
"Maya B, SAINt JHN",743464
Margo Price,15979
Jucee Froot,820132
"Rvssian, Lil Mosey, Lil Tjay",214112
Sylo Nozra,214871
Yung Tory,297717
Symba,600058
Dee Watkins,1149677
Tones And I,1410939
Tones And I,1410939
LASTMONDAY,3589089
The Killers,1939
The Killers,1939
Feed Me,3306
Kehlani,4817
STRFKR,161500
"El Alfa, Darell, Noriel",181977
"Lele Pons, Susan Díaz, Victor Cardenas",1020240
KEY!,187069
Favian Lovo,3341369
"Malmo, Enlia",1417203
Col3trane,636717
Ava Max,717113
"Snotty Nose Rez Kids, Shanks Sioux",791446
Karen Lizarazo,1014583
KennyHoopla,1351179
Norah Jones,1220
Gareth Emery,2363
OneRepublic,2796
Luke Bryan,3118
Ace Hood,3178
"Tyga, Megan Thee Stallion",3184
High Valley,3278
"Edward Maya, Vika Jigulina",3556
AWOLNATION,3783
Grouplove,3802
Greyson Chance,3825
Joywave,3839
"Elevation Worship, Brandon Lake",4043
"Krewella, Nucleya, MOTi",4182
Maluma,4679
KALEO,4854
"Different Heaven, Lost Boy",4986
"Shawn Wasabi, raychel jay",5238
TWICE,5367
gnash,5594
Micah Tyler,5612
Niall Horan,5684
"Lil Uzi Vert, NAV",5732
Lil Uzi Vert,5732
Jhyve,23999
Keith & Kristyn Getty,24292
"Rich The Kid, Lil Baby",38781
"Ekali, ILLENIUM",40430
Palaye Royale,49674
"Devault, The Bloody Beetroots",100352
Lydia&Sebastien,123763
Dax,557257
Chronixx,4417
Kathleen,1369561
"Sub Urban, REI AMI",568860
"DJ ESCO, Doe Boy",150262
James,59019
"Jack Harlow, jetsonmade",152627
ALLBLACK,108204
"Mission, BrvndonP",662061
Caroline Kole,295004
"Solardo, Eli Brown",57052
Rosie Carney,214527
Lily Mckenzie,445107
Jimi Somewhere,486409
"Machine Gun Kelly, Young Thug, RJMrLA, Lil Duke",3991
"Lil West, Brevin Kim",376836
"DaniLeigh, DaBaby",39691
MAJ,828827
"Los Rojos, Bacilos",208395
Mala Rodríguez,208110
"Teyana Taylor, Ms. Lauryn Hill",206297
"El Freaky, Juanes, Alfredo Gutierrez",307267
"The Clark Sisters, Snoop Dogg",445651
Rita Springer,40226
FLETCHER,209405
A.CHAL,58426
"Joss Favela, Greeicy",20942
"Jumbo, Farruko",3599726
Blanca,5106
"Big Freedia, Icona Pop",174560
Deitrick Haddon,477247
Sy Ari Da Kid,207294
Sevenn,207961
Jay-Way,96278
İkiye On Kala,906809
Maggie Koerner,24259
Saint Motel,3732
The Dears,184435
GALXARA,1729465
"softy, Jword, Hayne",3443040
Anastasis,3590200
"Takahiro Izumikawa, Jermaine Holmes",3596426
Coby James,872929
Virlan Garcia,64429
"Paulino Rey, Jowell & Randy",655693
"El Chulo, Lary Over",823738
Dylan Dunlap,514297
Seth & Nirva,322272
Dope Saint Jude,1146580
Lavi$h,1337691
Five Roses,891581
"Felix Cartal, Sophie Simmons",206442
"Strawberry Rose, Aidan Fraser",3590730
"Domeno, Pierre Bouvier, Simon Skylar",212319
Mathew V,539767
Koven,212964
Ria Mae,206603
"tyDi, Katie Sky",2841
"Ookay, Hydraulix",4878
"Mars IX, Tyrell Drew",3532683
Two Feet,206780
JoJo,206836
"Eva Shaw, Nate Husser, Just John",207402
"Bryant Myers, Rauw Alejandro, Lyanno",209052
"Shallou, Zachary Knowles",209303
"Black Atlass, SONIA",209838
David James,210606
Shiba San,212168
Shiba San,212168
Yumi Zouma,212942
YoungBoy Never Broke Again,215373
Yung Pinch,215374
Boris Brejcha,216942
Gia Woods,217479
"Los Rabanes, Leonte Bordanea",217773
"Soleima, Yoshi Flower",217817
KORDELYA,276774
Wax Motif,298925
"Gentlemens Club, Blunts & Blondes",375826
"Gentlemens Club, Watson",375826
Porridge Radio,396118
Chelsea Cutler,406347
Page CXVI,417331
Faruk Orakci,420423
Cody Carnes,422219
"Bulova, Chimbala, Lirico En La Casa, Shadow Blow",431530
"Georgia Ku, Afrojack",432836
Lennon Stella,435498
Bongeziwe Mabandla,476550
"Kiana Ledé, Lucky Daye",478422
Rence,488629
"Las Áñez, Kevin Johansen",505305
Orion Sun,524710
"Nacho, Chyno Miranda, Chino & Nacho",565154
Vertical Worship,717552
Theis EZ,735725
Futures,736080
"Don Toliver, Kaash Paige, Travis Scott",838183
Don Toliver,838183
"Nikki Vianna, GATTÜSO",879479
Kofi,899850
"Lil Tecca, Lil Tjay",1014878
"Blueface, Lil Baby",1110871
"Blueface, Lil Baby",1110871
CHIKA,1136444
Niño Pueblo,1348181
Haiti Babii,1374500
renforshort,1403460
renforshort,1403460
Fivio Foreign,1455972
GAYLE,3540881
Jaime Masetta,3590778
Fer Casanova,1391521
Margaret Glaspy,5542
Wifisfuneral,126805
Duvy,1378886
"Shura, Ivy Sole",4618
Perfume Genius,188403
Other Lives,206287
New Found Glory,206532
YoungBoy Never Broke Again,215373
Lamb of God,1203
All Time Low,2211
Saint Bodhi,1699174
Jikustik,578819
GITAA,1331639
Violent Soho,154430
Rico Nasty,156043
Mt. Joy,207505
The Lumineers,4037
The Lumineers,4037
"Dion Timmer, The Arcturians",12431
Diib,1585472
"Kai Wachi, Dylan Matthew",173007
Rod Wave,1009958
Dee Watkins,1149677
Alexander 23,1422356
"Japan, Man",1432439
Kevin Gates,3342
Mac Miller,3772
"J Balvin, Sky Rompiendo",3883
J Balvin,3883
J Balvin,3883
J Balvin,3883
"dvsn, Snoh Aalegra",5541
Mau y Ricky,190507
"Cali Y El Dandee, Mike Bahía",206807
Melanie C,298958
Childish Major,331585
Hayley Williams,433603
"Ava Max, MOTi",717113
"YBN Nahmir, G-Eazy, Offset",741745
RIMON,857215
Isaac Dunbar,1338272
"NLE Choppa, Roddy Ricch",1388456
John Legend,2053
Jason Gray,2867
"Steve Aoki, LAY, will.i.am",3085
Adam Lambert,3458
Sidewalk Prophets,3567
The Weeknd,3852
The Weeknd,3852
The Weeknd,3852
Kid Ink,4233
"K CAMP, Ari Lennox, 6LACK, Tink",4617
"Kelsea Ballerini, Halsey",5018
"Tep No, French Braids",5027
"gnash, Walk Off the Earth",5594
"Keith & Kristyn Getty, Matt Papa",24292
Aliocha,77084
Conro,80169
Lukas Graham,4170
"Blake Shelton, Gwen Stefani",1258
"Bryce Vine, Jeremih",97784
"Young Chris, Wale, Guapdad 4000",405437
HoodCelebrityy,432731
"Audio Push, Eric Bellinger",195177
"TisaKorean, Kblast, Huncho Da Rockstar, 4B",1111162
"Benny Benassi, BB Team, Canguro English",1692
"Boehm, Paco Versailles",14806
DVBBS,4649
Stealth,5465
somegirlnamedanna,3597744
"SACHI, Naïka",445381
Jufu,1525865
"Raymix, Paulina Rubio",49791
Blake Mills,209439
Arlissa,215454
Aaron Carpenter,164231
"Kari Jobe, Cody Carnes, Elevation Worship",2844
"Black Caviar, Jenn Morel",127963
"Church of the City, Ileia Sharaé",3540959
Devault,100352
Jeremy Camp,1760
Lecrae,2488
Melvoni,1683023
"ADÉ, Trevor Jackson",1403295
Natalia Jiménez,51682
Ednita Nazario,90942
"Nebu Kiniza, Lil Tecca",207458
"Gabylonia, Akapellah",108766
Armaan Malik,318145
Noah Cyrus,213898
Jared Marc,1538947
Yiordano Ignacio,1388704
The Wild!,27069
Deee-Lite,208195
"Corey Voss, Madison Street Worship",110149
"Natanael Cano, Ovi",1121094
Comethazine,113561
Yoni Sheleg,3534456
"Lucho, Leon Leiden",380633
Sunday Radio,1058757
Amós Piñeros,627734
Tolü Makay,1339647
Monía,1779313
Kydus,431664
Wallows,568354
Poe Leos,1593906
"Donald Lawrence, The Tri-City Singers, Lejuene Thompson, Jason Nelson",334671
"Jay Sean, Black Caviar",2073
Goodtimes,1688935
"WE ARE FURY, Kyle Reynolds",690627
Punctual,119828
Fvrel,3340902
The Wrecks,212118
"Kauf, Overjoy",211336
Fleur East,5052
Burak Cilt,988528
Sada Baby,343503
Gordon Lightfoot,147
Tedy,150237
"Shaun Frank, Alicia Moffet",17231
JJ Shiplett,40101
The Darcys,116007
"NAYA ALI, Chase.Wav",745001
Gaspard Eden,3598533
Northcote,7785
Boombox Cartel,206474
"Jantsen, Conrank",468855
"Mooij, HALIENE",452907
Joel Plaskett,141441
Bruce Peninsula,150159
"Riot Ten, Shaquille O'Neal, T-Wayne",167451
Chris Renzema,174907
"Alex Newell, Tracy Young",189038
Myrkur,200035
Bleeker,206535
"SAYGRACE, Becky G",209018
Philip Sayce,209610
"TOKiMONSTA, VanJess",209666
"Los Rabanes, Ivan Barrios",217773
Matt Marvane,226532
"Melanie Pfirrman, Pitbull, IAmChino",420504
BIA,473107
WENS,525367
Chloe Lilac,530768
"Jason Ingram, Essential Worship",540742
Bright City,548807
Conan Gray,562618
"Lauren Jauregui, Tainy",569292
The Marías,653847
Ocie Elliott,784086
Cavetown,813672
Fame Holiday,867599
"Kevin Rolly, Manu Crooks, Astrokidjay",1014869
"Jorge Milliano, Logan Romero",1023201
Abraham Vazquez,1025563
Rifkysetya,1363074
Shordie Shordie,1373638
Justin Rarri,1378873
"The Worship Initiative, Shane & Shane, Dinah Wright",1620781
Ant Saunders,1650474
"Lil Loaded, King Von",1686347
"We The Kingdom, Tasha Cobbs Leonard",1693754
BADDIES ONLY,3541059
"Wiz Khalifa, Tyga",2974
Childish Gambino,3586
Childish Gambino,3586
Childish Gambino,3586
The Kid LAROI,1333786
"Wiz Khalifa, Tyga",2974
"El Dipy, Marcos da costa",143021
"King Monada, Tshego",416231
Cut Snake,207155
Car Seat Headrest,211012
Bright Eyes,630
"Sufjan Stevens, Lowell Brams",1813
All Time Low,2211
keshi,751087
Sondre Lerche,32426
"Son Little, Aslove",210983
Jeremy Zucker,257641
ROSALÍA,612801
OneRepublic,2796
The Federal Empire,206488
"Marlon Craft, Kota the Friend",612833
"MOULA 1ST, Pilla B, Pvrx",654150
Tyleen,924503
"Devault, Power Glove",100352
Devault,100352
Devault,100352
"Sikdope, LOUD ABOUT US!",206348
Stray Kids,921931
Mob Rich,1331603
Mob Rich,1331603
Konradsen,1336999
"Ovy On The Drums, TINI",1366884
Alina Baraz,4722
Hailee Steinfeld,4904
Hailee Steinfeld,4904
"Sebastian Yatra, Ricky Martin",13516
Jaunt,34058
"Party Favor, Georgia Ku",5283
BlocBoy JB,773776
"Rauw Alejandro, Dalex, Lenny Tavárez, Dímelo Flow",224838
The Sundown,3593857
Trap Manny,1204227
"Destructo, Yo Gotti, Denzel Curry",4208
F.O.O.L,3918
"Mozzy, Blxst",197716
Duke & Jones,227755
Trevor Daniel,720461
Trevor Daniel,720461
Camilo,1355995
Elah Hale,1419424
Oliver Malcolm,3566277
Bob Dylan,4
Pearl Jam,70
"Alicia Keys, Chronixx, Protoje",977
Lincoln Brewster,1282
"Gareth Emery, Annabel, Giuseppe Ottaviani",2363
"Steve Aoki, Slushii",3085
"Cash Cash, Wrabel, Vice",3403
"Jesus Culture, Bryan & Katie Torwalt",3533
"AWOLNATION, Alice Merton",3783
Jamie Grace,3971
Rend Collective,4134
Colton Dixon,4141
Tory Lanez,4234
"American Authors, Seeb, Petey",4460
5 Seconds of Summer,4477
"PARTYNEXTDOOR, Rihanna",4587
PARTYNEXTDOOR,4587
"Galantis, Hook N Sling, Dotan, Raven & Kreyn",4588
"Kane Brown, John Legend",5408
Maurice Moore,5657
"Trouble, Quavo",12914
Brandon Lake,606410
Carlie Hanson,725764
"42 Dugg, Lil Baby, Yo Gotti",924438
Alex Mali,211082
"Nef The Pharaoh, Guapdad 4000",198244
"Lost Boy, gnash",326800
"KREAM, Imanos",19723
BLENDA,599977
Jordan Davis,643783
Kip Moore,4009
"Murda Beatz, YNW Melly, Lil Durk",601123
Mack Brock,884270
"Brray, Mariah Angeliq",219440
"NAV, Gunna, Travis Scott",476687
"Kandace Springs, Norah Jones",78705
Keith & Kristyn Getty,24292
Clinton Kane,1354062
645AR,1768022
"KRYPTO9095, 24kGoldn",1458508
UPSAHL,521020
"Zardonic, Fickle6, The Qemists, Fickle6 VIP",432262
"Gian Varela, Sharlene, Lash",550396
"Vakero, Bimbo",421779
"Hollaphonic, Xriss",409735
Hania,3606033
"De Bruces A Mi, Providencia",29069
"Habimoya, YHB Sleepsalot",723894
Jackson Browne,271
"Steffany Gretzinger, Wonder Grace Gretzinger",168243
Rhett Walker,318524
"Lunay, Myke Towers, Ozuna, Chencho Corleone, Rauw Alejandro",1023629
Oriana,616773
"Jack Fowler, Figure flows",3606165
Third Party,150415
"Rony Rex, Laz Perkins, GFOTY",600151
Madchild,179931
Armenia,1400126
"Dale Anthony, Faith Out Loud, Samantha Howard",841342
Luz,3595450
TS Graye,1091023
Roquemore,3606172
Loviet,1779116
NojokeJigsaw,887558
The Glorious Sons,4662
Coleman Hell,5034
Mise En Scene,397690
Mister Nobu,3540398
"Vicetone, BullySongs",4422
"John C, Bhavi, Omar Varela",755964
"Knxwledge, NxWorries, Anderson .Paak",76541
Hanni El Khatib,86222
LIFE Worship,93496
"Fonkynson, Vaness",97818
"Corey Voss, Madison Street Worship, Baily Hager",110149
Comethazine,113561
Nap Eyes,129981
The Treble,136939
"Ghastly, Karra",160020
Basia Bulat,176519
Amtrac,207172
"24hrs, Ty Dolla $ign",207296
"Eva Shaw, Nate Husser",207402
"Jessie Reyez, Eminem",208137
"Shallou, Ashe",209303
"Shallou, The Knocks",209303
"Shallou, Erika Sirola",209303
Shallou,209303
"Shallou, Vancouver Sleep Clinic",209303
Axel Flóvent,209999
"Dabin, Essenger",210886
Waxahatchee,213492
"grandson, DREAMERS",215304
"Gavin Haley, Yung Pinch",217098
"Matt Marvane, Chris McClarney",226532
JYDN,238869
Jacaszek,316895
"Ty Brasel, WHATUPRG, 1K Phew",357992
Faruk Orakci,420423
Frente Cumbiero,471875
Bongeziwe Mabandla,476550
Quinn Lewis,507804
Ingrid Andress,519633
Orion Sun,524710
Kali Claire,537949
lovelytheband,566773
Billy Raffoul,601705
"Nashville Life Music, Leeland",651572
Kailee Morgue,653821
Kelsi Mayne,759794
GASHI,781351
Romeyo Wilson,790010
Cavetown,813672
Fame Holiday,867599
"Lex Leosis, Snotty Nose Rez Kids",900972
"Kevin Rolly, Roy Woods, Yung Tory",1014869
Giveon,1202489
IV JAY,1334523
Fivio Foreign,1455972
"The Worship Initiative, Shane & Shane",1620781
ELEVATION RHYTHM,1654689
Lil Loaded,1686347
"Nieman J, Eric Bellinger, Joe Moses, Wale, RJMrLA",3592739
"Tyga, Curtis Roach",3184
Eph Raim,1700923
Lil Durk,4449
"ricky retro, Joe Exotic",1349390
"Queen Naija, Mod da God",821871
Smino,129679
"Thomas Rhett, Reba McEntire, Hillary Scott, Chris Tomlin, Keith Urban",4222
BASE,3614090
"SVDDEN DEATH, SNAILS",613755
All Time Low,2211
Lil Poppa,1417176
J. Hutton,654042
Elko,1645479
Zack Oke,1526534
Shade,1116770
Chicano Batman,28123
Nick Hakim,85838
Lido Pimienta,87636
Tm88,197754
Born Ruffians,209942
"Abdullah Al Mukhles, Fahed Bin Fasla",1480651
Future,3870
"Kevin Ross, Sonna",5051
"KAROL G, Anuel AA",206809
Orville Peck,805092
Zaia,602481
KILLBOY,3439013
Dyno Wibisono,3378266
Kadeema,3494157
"Rich The Kid, Lil Baby, Future",38781
APB,196006
Bazzi,213807
DaBaby,398544
Smoove'L,3532332
LASTMONDAY,3589089
"Mati Gómez, Nicky Jam, Reik",1689266
Kllo,33545
JT Soul,431772
REAPER,1699801
DJ Agile,744684
"Alex Sensation, Myke Towers, Jhay Cortez, Arcangel, De La Ghetto, Darell",30742
Jessie Reyez,208137
"Jessie Reyez, Rico Nasty, Melii",208137
YoungBoy Never Broke Again,215373
July Talk,251021
Faouzia,411196
Hayley Williams,433603
Isaac Dunbar,1338272
Lila Drew,1345657
Leo Bash,1721005
"Turbo, Gunna, Young Thug",3613083
"Turbo, Gunna, Young Thug",3613083
"Classified, Breagh Isabel",1942
"All Time Low, blackbear",2211
"Steve Aoki, Icona Pop",3085
Drake,3380
Drake,3380
"Cash Cash, Wrabel, The Wild",3403
"The Weeknd, The Blaze",3852
The Weeknd,3852
The Weeknd,3852
"Marshmello, Southside, Giggs, SAINt JHN",3907
"Dillon Francis, BabyJake",3920
Elevation Worship,4043
"Kid Ink, Rory Fresco",4233
Tory Lanez,4234
"Galantis, Steff da Campo",4588
Madison Beer,4655
Zion & Lennox,1983
Joshua Bassett,1654851
"Los Rakas, D Smoke",198985
Sheff G,720045
"DJ Nelson, Babywine, Alejandro Armes",192383
"Santino Le Saint, Mariah Angeliq",649678
"Sylwia Przybysz, Konrad OldMoney",141464
Syph,20433
"dEVOLVE, Alx Veliz, Charly Black",512984
Alessia Cara,5239
Chrissy Metz,745014
"YXNG K.A, jetsonmade",3575416
Lindsay Lohan,317971
"Jerry Di, Noriel, Lyanno, Rafa Pabön, Cauty, Tommy Boysen",725068
"Jenn Morel, Mariah Angeliq, Elisama",494973
Sam Hunt,4954
"ILLENIUM, Excision, I Prevail",5204
"Young Bombs, Robinson",371813
"Louis The Child, Quinn XCII, Chelsea Cutler",4985
Eddie Benjamin,3613965
"Miles Morrison, Yo Gotti",3613969
Guap Tarantino,780202
"Ambjaay, Wiz Khalifa",1419544
Killswitch Engage,1259
TroyBoi,62627
Malaa,469962
"DJ Carisma, Ty Dolla $ign, Azjah, Toni Romiti",68683
"DLMT, LöKii",212957
"QUIX, Nevve",78201
Dayanara,809651
Sara Cruz,1514229
"Acru, fernandocosta, Haze",420559
Laura Y La Máquina De Escribir,1510317
Hansel Gunawan,3614093
"Johnny Dukane, Hyper Fenton, Josiah Charon",1005287
Francois de Beer,3613957
Bryan Chua,1010640
Izellah,1188737
Divino Rivera,1457326
TWICE,5367
DONT BLINK,1347000
Chapter & Verse,3553041
Wh0,1091457
Bri Babineaux,5499
"The Knocks, Mat Zo",2189
Making Movies,127415
"Hozwal, Alex Rose",1512488
jenery cukarla,3613446
Jelani Aryeh,736652
Lemaitre,4022
Lamarr Lyons,3614542
"Jelani Blackman, Big Zuu",48245
The Elwins,144396
"Raphaël Di Raddo, Magdala, Aphtanan",743593
The Blue Stones,212120
Tilsen,572109
Dallas Smith,148907
Omar LinX,431624
"CNCO, Natti Natasha",5609
Billy Talent,14948
Filmore,22117
"Keith & Kristyn Getty, Jordan Kauflin",24292
April Ivy,44981
Cienfue,49918
"Maía, Dayhan Díaz, Tokao Club",87349
"Corey Voss, Madison Street Worship, Harley Rowell",110149
Lydia&Sebastien,123763
Chantal Kreviazuk,128144
Charles Billingsley,137075
"Bethel Music, Cory Asbury",137704
"Alex Newell, The Cube Guys",189038
Yoste,190685
Ashley McBryde,202452
Allan Rayman,206712
"Amtrac, Lali Puna",207172
Liza Anne,208488
Boston Manor,208661
Kierra Sheard,208935
"SAYGRACE, Tate McRae, Audrey Mika",209018
Diana Gordon,209692
Black Atlass,209838
"AC Slater, Chris Lorenzo, Purple Velvet Curtains, Flava D",209899
"AC Slater, Jack Beats, Sinden, Flowdan, DALCO",209899
"AC Slater, CID",209899
Phil Good,212763
Yung Pinch,215374
JOYRYDE,217239
JOYRYDE,217239
"JOYRYDE, Fze",217239
"JOYRYDE, Nolay",217239
JOYRYDE,217239
"Doja Cat, Snakehips",217671
"Los Rabanes, Osvaldo Ayala",217773
"Los Rabanes, Alejandro Lagrotta",217773
"Matt Marvane, Dogg Master",226532
Ricky Dillard,240715
Jimi Cravity,259671
Charlotte Lawrence,299113
tobi lou,307410
Mosaic MSC,311803
.gif,313193
"Souly Had, Audrey Mika",321366
Clara Mae,431406
Loote,433681
"Housefires, Kirby Kaple, Dante Bowe",451742
BIA,473107
"Kiana Ledé, Ari Lennox",478422
Peach Pit,486519
Las Áñez,505305
delush,505792
"Vineyard Worship, Daena Jay",506926
"Midnight Kids, Prophecy",514242
"Midnight Kids, Direct",514242
"Midnight Kids, Mord Fustang",514242
"WHIPPED CREAM, Lil Keed",566452
Billy Raffoul,601705
"OTR, Au/Ra",602695
LIZ LOKRE,643427
"Ali Gatie, Don Diablo",712820
Futures,736080
Anna Burch,747718
Snotty Nose Rez Kids,791446
Moonga K.,807252
Benita Jones,860462
Rod Wave,1009958
Ryan Langdon,1012981
Rich Flo,1026853
Fredo Bang,1114575
Runaway Nuns,1333985
Shordie Shordie,1373638
"The Worship Initiative, Shane & Shane",1620781
Ant Saunders,1650474
"Lonr., H.E.R.",1721085
Cheo,3421806
Grey Daze,3522339
BADDIES ONLY,3541059
Redy Afrians,1027502
Tenille Townes,1004724
Toni Braxton,83
iMarkkeyz,142338
"Joe Pea, Susio",3536982
Emanuel,3621149
The Aces,141986
Other Lives,206287
YoungBoy Never Broke Again,215373
NoCap,1341576
Bino Rideaux,662249
Raquel Sofía,25430
Oliver Tree,430760
Woods,2732
Beyries,256650
GUIA,3628827
"graves, 93FEETOFSMOKE, REVEL",309423
"Gryffin, Chris Lane",5153
Ne Jupiter,718127
A is for Arrows,3434031
"Alesso, Liam Payne",3894
Joshua Speers,1367240
Omar Apollo,665527
"Rezz, Grabbitz",206307
"Jonah Yano, Tatsuya Muraoka",1113517
Caiiro,562923
Super Duper,472349
The Beths,558952
"Kayzo, Calcium",421980
"Apashe, SLUMBERJACK, Wasiu",110926
Alina Baraz,4722
"Salt Cathedral, duendita, MC Bin Laden",86707
Thutmose,113943
"SLANDER, Said the Sky, JT Roach, Blanke",131298
"SLANDER, Said the Sky, JT Roach, Au5",131298
"Mozzy, Polo G, Lil Poppa",197716
Alejandro Fernández,206367
Sandhy Sondoro,312879
Kid Froopy,347806
Christian Lalama,541633
Remi Wolf,691085
Remi Wolf,691085
Ava Max,717113
Gracie Abrams,1414843
"Dreamville, Ari Lennox",1610170
Selena Gomez,3168
Washed Out,3475
Dylan Fuentes,924285
Hazy Daisy,3627628
Langit Sore,1469454
Twenty One Pilots,4018
"North Point Worship, Lauren Lee Anderson",87271
E-40,905
"Angel Olsen, Johnny Jewel",212074
David Leonard,1346670
Citizens,273287
Soul Survivor,263227
Zoe Sanders,3422020
Slushii,5608
"Corey Voss, Madison Street Worship, Jenna Bataller",110149
Lou Fellingham,112484
Phoebe Bridgers,122237
Rico Nasty,156043
Local Sound,170064
Rexx Life Raj,198688
Mt. Joy,207505
Alec Benjamin,405139
"Ezra Jordan, Willa",550529
Thrive Worship,599959
"Dee Watkins, Tai Boujie",1149677
Isaac Dunbar,1338272
Alexander 23,1422356
"EOB, Laura Marling",1787184
"Ricky Martin, Farruko",109
Dropkick Murphys,172
David Bowie,238
Kenny Chesney,926
The Strokes,1011
"Kelly Clarkson, Maya Buskila",1595
Matthew West,1930
"Diplo, Wax Motif",1964
Gareth Emery,2363
"Asher Roth, Joyce Wrice",3236
"Cash Cash, Wrabel, Midnight Kids",3403
RMR,3573977
IDK,207465
"Doorly, Colour Castle, Misingo",341434
Miguelito,317541
Willie Jones,1136928
"Canon, MainMain",108564
YSN Flow,1402487
"Sky, Feid, Jowell & Randy",25802
Anna Golden,277454
"Kafu Banton, Bad Gyal",415246
Maddie & Tae,199486
J.I the Prince of N.Y,717979
Matador,99780
"Leon Bridges, John Mayer",5124
Stalking Gia,209707
"India Shawn, 6LACK",648714
"Black Eyed Peas, Ozuna, J. Rey Soul",728
"Usher, Lil Jon, Ludacris",757
"Dove Cameron, BIA",4898
Active Child,208985
"Jaycen A'mour, Rave Radio",445047
Shantel May,880380
The Inspirations,473596
Worry,1731058
Fuerza Regida,873154
Yola Theodora,894621
Ardyans,3628815
Jacob Frish,1412137
"Bubaseta, Santa Fe Klan, Subwoffer",211684
Colton Dixon,4141
22Gz,821996
Roman El Original,214430
"Datin, Shiwan, Parris Chariz, Dre Knowss",166904
"Krewella, Prince Fox, Arrested Youth",4182
Adriana Lucia,432721
"Jd Pantoja, Noriel",695874
Scuba,210693
Mr. Popular,857926
"Hip Hop Hoodíos, Mexican Institute Of Sound, Santi Mostaffa",383821
Kid Ink,4233
"sagun, Kali Claire",746743
Aaron Smith,1666515
Troi Irons,778477
Raid,1532974
Tory Lanez,4234
"Klutch, James Seville",784204
Max Parker,1088951
Casper TNG,594084
The Trews,179724
Bagdja,1461384
Peter Katz,3666
"D4vid Lee, EIHDZ",3628801
Jess Moskaluke,210597
"JSTJR, Schade",416435
"Dixson Waz, Atomic Otro Way",57403
Will Clarke,93861
"SZA, Justin Timberlake, Oliver Heldens",4515
"Syn Cole, Greyson Chance",4647
Tep No,5027
SNBRN,5127
"Matoma, LATENIGHTJIGGY",5211
Kacy Hill,5271
TWICE,5367
"dvsn, Ty Dolla $ign, Buju Banton",5541
"dvsn, Ty Dolla $ign, Buju Banton",5541
gnash,5594
"People of The Earth, Michael Schawel",11605
"Keith & Kristyn Getty, Shane & Shane",24292
Palaye Royale,49674
"DREAMERS, grandson",84754
Joshua Hyslop,87115
Mitchell Tenpenny,120290
La+ch,134100
Charles Billingsley,137075
"Bethel Music, Jenn Johnson",137704
STRFKR,161500
The Washboard Union,166161
The Dears,184435
"Mahmut Orhan, Fatih Basoglu",206417
"24hrs, DJ Drama, K CAMP, MadeinTYO",207296
"Eva Shaw, Nate Husser, ILLYMINIACHI, Reeves Junya",207402
Wild Rivers,208489
"Maffio, Don Miguelo",210450
Frank Walker,212005
Big Sugar,212534
"Buddy, Kent Jamz",213465
"MILCK, The Knocks",214348
"Tauren Wells, Essential Worship, Davies",236507
Hamilton Leithauser,262842
Julian Lamadrid,299491
Lennon Stella,435498
"Yella Beezy, Young Thug",465564
"Cautious Clay, Raedio, Alex Isley",492466
Symba,600058
Emily Rowed,602870
Native Kingdom,722469
Luna Li,742178
John Lindahl,782080
"Kayobe, Olive B",801352
"Kina, yaeow",902878
"Sky Rompiendo, Feid, Jowell & Randy",1091042
Fredo Bang,1114575
Pink Sweat$,1118137
Polo G,1120779
Jackie Lynn,1306800
Lil Gotit,1328297
"6ixbuzz, KILLY, Houdini",1333465
The Church Will Sing,1336952
Kim!,1408023
"100 gecs, Dorian Electra",1577917
feelswithcaps,1580454
"SimxSantana, Fivio Foreign",1643857
Lil Loaded,1686347
Las Villa,1782705
"2KBABY, G Herbo",1789822
"Drewgon, Damero., Dzulfahmi",3422961
Jac Ross,3513776
"GAYLE, The Him",3540881
"Nieman J, Eric Bellinger, Joe Moses, Young Thug",3592739
"Kelly Clarkson, Blas Cantó",1595
"Santa Fe Klan, Robot95",313013
Pitbull,1896
Y La Bamba,213080
Ruston Kelly,4693
Becky G,4236
"Blacka Da Don, Cheffie",30122
Neck Deep,4858
APB,196006
"Kelly Clarkson, Zaz",1595
Micro TDH,712526
Kid Cudi,3213
"TOBi, Kemba",31417
"MASN, Trippie Redd",1658971
Dolphin Smiling,76414
"Jameson Rodgers, Luke Combs",214518
"Rameses B, Zoe Moon",12154
"SLATIN, KG Man",214419
ripmattblack,1351365
Norah Jones,1220
"Carlos Vives, Manuel Turizo",1334
"Y2K, The Kid LAROI, blackbear, Bankrol Hayden",558932
"Deante' Hitchcock, JID",415090
Muzz,3589965
Kyra,3511300
A Day To Remember,2281
Brad Paisley,1009
"Hanare Gumi, kotoringo",181527
Valentina,1402599
"David Strickland, Que Rock",712789
"Dillon Francis, BabyJake",3920
Kehlani,4817
"Louis The Child, Foster The People, Luttrell",4985
Corb Lund,170808
Kyle Watson,207152
Johnny Orlando,214276
Duke & Jones,227755
"iamnotshane, Thomas Gold",258073
Brittany Howard,384142
Brittany Howard,384142
Kenny Mason,894953
Konradsen,1336999
Livingston,3565412
Kelly Clarkson,1595
Feed Me,3306
Playboi Carti,470449
Tiagz,877492
"Jeff Beck, Johnny Depp",16208
"Bazzi vs., Haywyre",906295
Omar Noir,1363576
Katie Malco,576474
PHLO,1656845
Kehlani,4817
Jaunt,34058
Car Seat Headrest,211012
Car Seat Headrest,211012
July Talk,251021
Hayley Williams,433603
Hayley Williams,433603
Rence,488629
"Ava Max, Syn Cole",717113
Greeicy,717243
RIMON,857215
Elah Hale,1419424
Max Leone,3523668
Bob Dylan,4
David Bowie,238
"Switchfoot, Jenn Johnson",710
The Used,1417
Good Times Ahead,1933
"Diplo, Blanco Brown",1964
John Legend,2053
"Tech N9ne, Landxn Fyre",203553
"Taiki Nulight, LO'99",212461
Dylan Cartlidge,726939
FEGA,1623480
Savannah Cristina,722628
Brett Eldredge,3771
"The-Dream, Jhené Aiko",101254
Thi'sl,95171
"Westside Gunn, Wale, Joyce Wrice",16179
"Jackboy, Kodak Black",240394
Jenna Wright,1588721
"Ashton Travis, Chase B",1417749
Joey Montana,206680
Tiana Major9,562588
Kaash Paige,1376005
Still Woozy,716072
Lund,525643
Influence Music,662192
Danny Gokey,3457
French Montana,3754
"21 Savage, Summer Walker",5730
Fiona Apple,262
"Chloe x Halle, Swae Lee, Mike WiLL Made-It",16910
Zhavia Ward,818295
Mimi Webb,778014
"Billie Joe Armstrong, Green Day",91907
"Oliver Heldens, Boy Matthews",4765
"Yung Bae, Low Steppa, bbno$, Billy Marchiafava",194037
Newsboys,371
"The Golden Pony, Nova Zef",299029
JD Era,278276
"Wuki, Roxanna, Bellecour",431317
YULTRON,244589
Roadtrip to Antarctica,1704206
Aspova,833150
88/89,3639782
Thin Escape,1375179
High Valley,3278
Kevin Ruenda,3640232
EDEN KAI,467591
"Jaymes Young, Prince Fox",4660
Sueco,1451395
KAMAUU,1472344
KB,207418
Kelly Rowland,1449
"Hallasen, Sk-Hall, Fakti, LilyBranch, Julia Hallåsen",1335472
Jason Crabb,467424
Bon Iver,3000
"Mark Eliyahu, Fuat Güner",486517
Myles Castello,1005002
New Bleach,3640209
Chee,77627
ASHS,1141235
The Reklaws,203306
Jill Barber,22878
Jaguar Jonze,1146483
Jon Bryant,174564
Jarle Skavhellen,214170
"Laudr8, Kasia Luna, VICTR",1391648
NOBRO,1556854
"Taw, Harley Bird, Veronica Bravo",41744
Fionn,750122
Silent Noise,1492284
GLD,526108
HELLBOUND!,1461090
Sidewalk Prophets,3567
KALEO,4854
"YFN Lucci, Bankroll Freddie",5314
"dvsn, PARTYNEXTDOOR",5541
"dvsn, Summer Walker",5541
"dvsn, Summer Walker",5541
"Trouble, Jeezy",12914
Ekali,40430
Arizona Zervas,64150
Lido Pimienta,87636
"Corey Voss, Madison Street Worship",110149
"Yung Beef, Pablo Chill-E, Pipo Beatz",122666
Gord Bamford,127310
Chantal Kreviazuk,128144
Joel Plaskett,141441
Bruce Peninsula,150159
Local Sound,170064
The Pack a.d.,174197
Angie Rose,189186
Ron Sexsmith,190320
Chris Malinchak,207368
Fuego,208528
"Kierra Sheard, Tasha Cobbs Leonard",208935
"Alex Gaudino, Bottai, Moncrieff, Blush, Hiisak",212541
"Buddy, Kent Jamz",213465
Bazzi,213807
Picture This,213894
Picture This,213894
"Rvssian, Anuel AA, Juice WRLD",214112
Christian French,214313
Harrow Fair,255575
Jeremy Zucker,257641
"DaBaby, Roddy Ricch",398544
Faruk Orakci,420423
"Housefires, Kirby Kaple",451742
Dark Heart,469996
Bright City,548807
Tate McRae,550577
Lauren Jauregui,569292
"G.No, Kaysha",586970
Alive City,650200
Vertical Worship,717552
"Ne Jupiter, Aleyna Talınlı, Batu Akdeniz",718127
Futures,736080
"Gabby Barrett, Charlie Puth",824091
"Lil Tecca, Internet Money",1014878
"Lil Tecca, Internet Money",1014878
"Jorge Milliano, Falsetto",1023201
"Blueface, Asian Doll, Glokk 9, NLE Choppa, Sada Baby, Kiddo Curry",1110871
"Fredo Bang, Lil Baby",1114575
Powfu,1119813
"The Kid LAROI, Lil Tjay",1333786
"Camilo, Christian Nodal",1355995
Camilo,1355995
Rifkysetya,1363074
MALACHI,1391780
"Love Harder, Julie Bergan, R3HAB",1679271
Lil Loaded,1686347
EOB,1787184
"Nieman J, Eric Bellinger",3592739
"Jack Gilinsky, Don Toliver",3639759
"Jack Gilinsky, Don Toliver",3639759
"Billie Eilish, Finneas O'Connell",5596
Luis Fonsi,1434
"T3R Elemento, Farruko",199729
Munthe,1633452
The Unknwn,3547494
"Shoreline Mafia, Q Da Fool",717723
GOT7,4772
Yung Heazy,729988
"Stonebank, Elizaveta",208070
"Wiz Khalifa, Megan Thee Stallion, Mustard, Ty Dolla $ign",2974
"SZA, Justin Timberlake, Ovy On The Drums",4515
"Halsey, Kelsea Ballerini",5109
Ro James,207754
Lil Skies,706689
Bright Eyes,630
Missy Elliott,1041
Masego,306778
StaySolidRocky,3647326
DDG,38708
Landis,206508
"RAN, Hindia",324955
"Big Wild, obli",5094
Charlie Burg,219028
Haley Blais,264338
Chicano Batman,28123
Nick Hakim,85838
Victoria Monét,195118
APB,196006
Nancy Amancio,326375
Hayley Williams,433603
"Young Jonn, Tiwa Savage, Joeboy",1186093
Kacey Musgraves,4336
YUNGBLUD,558951
david hugo,1384582
Bhad Bhabie,729342
"Lowsan Melgar, Julio Melgar, Miel San Marcos",723149
"Asher Roth, Lil Yachty",3236
"Valentino Khan, Ship Wrek",46206
"Cautious Clay, Remi Wolf, sophie meiers, Still Woozy, Claud, Melanie Faye, HXNS",492466
UMI,774028
Flo Milli,1435071
Alicia Keys,977
"Gente De Zona, Becky G",3614
"iLe, Natalia Lafourcade",81999
Mulatto,241165
"Boyce Avenue, Seth Vogt",3367
Goody Grace,113525
KROY,162902
Maluma,4679
"Alina Baraz, Khalid",4722
Kane Brown,5408
"Sebastian Yatra, Rauw Alejandro, Manuel Turizo, Cosculluela, Lalo Ebratt, Llane, Dalmata",13516
"Lenny Tavárez, Rafa Pabön, Cauty",120581
"Feid, Sky",152776
"T-Pain, Chris Brown",209507
"Khalid, Disclosure, DaVido, Tems",209693
"Shadow Blow, Lapiz Conciente",217720
"Nacho, Chyno Miranda, Chino & Nacho",565154
"Cazzu, Myke Towers",668307
Cazzu,668307
Lil Baby,731530
"Winona Oak, MAKJ",898967
"Omar Souleyman, Boys Noize",70490
"Earl Sweatshirt, Maxo",3828
Young Dolph,194507
"Murs, Dee-1, Horace C. Bowers",171052
Alextbh,53136
Rubi Rose,1332496
"Black Coffee, Sabrina Claudio",207361
"Adventure Club, Said the Sky, Caly Bevier",207229
The Score,5141
Smooky MarGielaa,717580
Njomza,355585
Tye Tribbett,129083
Juice WRLD,921966
"THE SCOTTS, Travis Scott, Kid Cudi",3651080
KIITA,1416961
Rachel Wammack,924325
Lolo Zouaï,784359
"Wongo, Greyson Chance",213720
Sarah Barrios,713570
Montana Tucker,706597
"Mo'funk, Todd Terry",1388597
Nobeat,1033517
st. Pedro,3608536
"MOD SUN, Machine Gun Kelly, Goody Grace",197302
Lil Xtra,920426
Black Mambo,793713
Keith Urban,1058
"Bizzle, J.R.",31465
Ruben Dawnson,1481255
"Kiko Navarro, Isis ""Apache"" Montero, Roque Martinez",92623
"DJDS, Bibi Bourelly, Kiah Victoria",57548
"BRELAND, Sam Hunt",1644133
"Jidenna, Raedio",5156
"The Used, Mark Hoppus",1417
Trey Songz,2167
"Rodney ""Darkchild"" Jerkins, Tim Bowman Jr, Joy Enriquez, Kirk Franklin, Kelontae Gavin, Fred Hammond, Heavenly Joy, Le'Andria Johnson, Lecrae, Mary Mary, Jac Ross, Marvin Sapp, Karen Clark Sheard, Kierra Sheard, Shelby 5",326571
Amanda Lindsey Cook,209309
"Dímelo Flow, Arcangel, Chencho Corleone, Wisin & Yandel, Myke Towers",600735
Niña Dioz,444942
Sarah Kroger,235700
NIIVA,64411
Hurshel,1023205
Jade Eagleson,1028719
Madeline Merlo,309310
"SLMN, JON VINYL",947749
CMDWN,222394
FouKi,748521
"Max Hurrell, Axol",732623
Egi,842318
The Sunset Kids,1411548
"SOMMM, Maky Lavender, Ariane Moffatt & D R M S",1700682
"BIJOU, Dr. Fresch, Willy Northpole",612092
Rhea Raj,493662
Jordyn Jones,311756
The Killers,1939
"Jesus Culture, Chris McClarney",3533
"AWOLNATION, Weezer",3783
"Galantis, Wrabel",4588
"K CAMP, Jacquees",4617
"Syn Cole, Graham Candy",4647
PVRIS,4820
"Matoma, Brando",5211
"Shawn Wasabi, kennedi",5238
Max Styler,5611
Micah Tyler,5612
Domino Saints,5763
"Trouble, 2 Chainz",12914
Jhyve,23999
"Whethan, bülow",64548
"070 Shake, Zookëper",71390
LIFE Worship,93496
La-33,103274
Habstrakt,103799
Sonyk El Dragón,108683
Welshly Arms,128458
"SLANDER, William Black",131298
The Treble,136939
"Ghastly, Micah Martin",160020
The Washboard Union,166161
"Riot Ten, Whales, Megan Stokes",167451
Local Sound,170064
Chris Renzema,174907
Alex Newell,189038
JoJo,206836
Jonathan McReynolds,208936
"Shallou, Daya, Felix Cartal",209303
"T-Pain, Chris Brown",209507
Philip Sayce,209610
"grandson, phem",215304
"YoungBoy Never Broke Again, DaBaby",215373
Boris Brejcha,216942
Gavin Haley,217098
Yung Tory,297717
"Julian Lamadrid, Petey Martin",299491
Mosaic MSC,311803
.gif,313193
"Souly Had, Melii",321366
"Astrocolor, Adrian Chalifour",375984
Makano,401459
"Loote, Travis Barker, Captain Cuts, Home Alone",433681
Lennon Stella,435498
"SEU Worship, Dan Rivera",486860
delush,505792
Midnight Kids,514242
Eric Ethridge,526007
Chloe Lilac,530768
Kali Claire,537949
"Leven Kali, Ty Dolla $ign",548070
OTR,602695
Kailee Morgue,653821
"HOSH, 1979, Jalja, Henrik Schwarz",686379
LB SPIFFY,781652
Malia Civetz,783473
Moonga K.,807252
"Kofi, Rodney",899850
"Kina, Au/Ra",902878
Kosling,924840
Taylor Janzen,1102765
chloe moriondo,1134948
"Lil Gotit, Future, Lil Keed",1328297
Runaway Nuns,1333985
Stunna 4 Vegas,1366399
"Chill Chicos, trashi",1377517
"Fivio Foreign, Lil Tjay",1455972
"Fivio Foreign, Meek Mill",1455972
"Louly, Shainny",1653698
D Andy,1655197
Alejandro Santamaria,1693516
We The Kingdom,1693754
"Lonr., 24kGoldn",1721085
LoveLeo,3413934
noelle,3567538
LASTMONDAY,3589089